symbol,isin,share_name,total_shares,face_value,segment,market,tier,status,company_name,fiscal_code,district,country_iso2,caen_code,sector,industry
AAG,ROAAGEACNOR7,AAGES S.A.,10000000,0.2,BSE,REGS,STANDARD,TRADEABLE,S.C AAGES S.A.,1196550,MURES,RO,2711,MANUFACTURING,"MANUFACTURE OF ELECTRIC MOTORS, GENERATORS, TRANSFORMERS AND ELECTRICITY DISTRIBUTION AND CONTROL APPARATUS"
ALR,ROALROACNOR0,ALRO S.A.,713779135,0.5,BSE,REGS,PREMIUM,TRADEABLE,ALRO S.A.,1515374,OLT,RO,2442,MANUFACTURING,MANUFACTURE OF BASIC PRECIOUS AND OTHER NON-FERROUS METALS
ALT,ROALTCACNOR1,ALTUR S.A.,306048670,0.1,BSE,REGS,STANDARD,TRADEABLE,ALTUR S.A.,1520249,OLT,RO,2932,MANUFACTURING,MANUFACTURE OF PARTS AND ACCESSORIES FOR MOTOR VEHICLES
ALU,ROALUMACNOR8,ALUMIL ROM INDUSTRY S.A.,31250000,0.2,BSE,REGS,STANDARD,TRADEABLE,ALUMIL ROM INDUSTRY S.A.,10042631,BUCURESTI,RO,4672,WHOLESALE AND RETAIL TRADE; REPAIR OF MOTOR VEHICLES AND MOTORCYCLES,OTHER SPECIALISED WHOLESALE
AQ,RO7066ZEA1R9,AQUILA PART PROD COM,1200002400,0.15,BSE,REGS,PREMIUM,TRADEABLE,AQUILA PART PROD COM,6484554,PRAHOVA,RO,4690,WHOLESALE AND RETAIL TRADE; REPAIR OF MOTOR VEHICLES AND MOTORCYCLES,NON-SPECIALISED WHOLESALE TRADE
ARM,ROARMAACNOR7,ARMATURA S.A.,40000000,0.1,BSE,REGS,STANDARD,TRADEABLE,ARMATURA S.A.,199001,CLUJ,RO,2814,MANUFACTURING,MANUFACTURE OF GENERAL-PURPOSE MACHINERY
AROBS,ROWMR49B0RG5,AROBS TRANSILVANIA SOFTWARE,871293609,0.1,BSE,REGS,PREMIUM,TRADEABLE,AROBS TRANSILVANIA SOFTWARE,11291045,CLUJ,RO,6201,INFORMATION AND COMMUNICATION,"COMPUTER PROGRAMMING, CONSULTANCY AND RELATED ACTIVITIES"
ARS,ROAEROACNOR5,AEROSTAR S.A.,152277450,0.32,BSE,REGS,STANDARD,TRADEABLE,AEROSTAR S.A.,950531,BACAU,RO,3030,MANUFACTURING,MANUFACTURE OF AIR AND SPACECRAFT AND RELATED MACHINERY
ARTE,ROARTEACNOR4,ARTEGO SA,8114746,2.5,BSE,REGS,STANDARD,TRADEABLE,ARTEGO SA,2157428,GORJ,RO,2219,MANUFACTURING,MANUFACTURE OF RUBBER PRODUCTS
ATB,ROATBIACNOR9,ANTIBIOTICE S.A.,671338040,0.1,BSE,REGS,PREMIUM,TRADEABLE,ANTIBIOTICE S.A.,1973096,IASI,RO,2110,MANUFACTURING,MANUFACTURE OF BASIC PHARMACEUTICAL PRODUCTS
BCM,ROBUCMACNOR5,CASA DE BUCOVINA-CLUB DE MUNTE,162319412,0.1,BSE,REGS,STANDARD,TRADEABLE,CASA DE BUCOVINA-CLUB DE MUNTE,10376500,SUCEAVA,RO,5510,ACCOMMODATION AND FOOD SERVICE ACTIVITIES,HOTELS AND SIMILAR ACCOMMODATION
BIO,ROBIOFACNOR9,BIOFARM S.A.,985375350,0.1,BSE,REGS,PREMIUM,TRADEABLE,BIOFARM S.A.,341563,BUCURESTI,RO,2120,MANUFACTURING,MANUFACTURE OF PHARMACEUTICAL PREPARATIONS
BNET,ROBNETACNOR1,BITTNET SYSTEMS SA BUCURESTI,634176714,0.1,BSE,REGS,STANDARD,TRADEABLE,BITTNET SYSTEMS SA,21181848,BUCURESTI,RO,6202,INFORMATION AND COMMUNICATION,"COMPUTER PROGRAMMING, CONSULTANCY AND RELATED ACTIVITIES"
BRD,ROBRDBACNOR2,BRD - GROUPE SOCIETE GENERALE S.A.,696901518,1.0,BSE,REGS,PREMIUM,TRADEABLE,BRD - GROUPE SOCIETE GENERALE S.A.,361579,BUCURESTI,RO,6419,FINANCIAL AND INSURANCE ACTIVITIES,MONETARY INTERMEDIATION
BRK,ROBRKOACNOR0,SSIF BRK FINANCIAL GROUP SA,337429952,0.15,BSE,REGS,PREMIUM,TRADEABLE,SSIF BRK FINANCIAL GROUP SA,6738423,CLUJ,RO,6612,FINANCIAL AND INSURANCE ACTIVITIES,"ACTIVITIES AUXILIARY TO FINANCIAL SERVICES, EXCEPT INSURANCE AND PENSION FUNDING"
BRM,ROBEMAACNOR3,BERMAS S.A.,21553049,0.7,BSE,REGS,STANDARD,TRADEABLE,BERMAS S.A.,723636,SUCEAVA,RO,1105,MANUFACTURING,MANUFACTURE OF BEVERAGES
BVB,ROBVBAACNOR0,BURSA DE VALORI BUCURESTI SA,8049246,10.0,BSE,REGS,PREMIUM,TRADEABLE,BURSA DE VALORI BUCURESTI SA,17777754,BUCURESTI,RO,6611,FINANCIAL AND INSURANCE ACTIVITIES,"ACTIVITIES AUXILIARY TO FINANCIAL SERVICES, EXCEPT INSURANCE AND PENSION FUNDING"
CAOR,ROCAORACNOR9,SIF HOTELURI SA,32142441,2.5,BSE,REGS,STANDARD,TRADEABLE,SIF HOTELURI SA,56150,BIHOR,RO,5630,ACCOMMODATION AND FOOD SERVICE ACTIVITIES,BEVERAGE SERVING ACTIVITIES
CBC,ROCBCHACNOR3,CARBOCHIM S.A.,4925362,2.5,BSE,REGS,STANDARD,TRADEABLE,CARBOCHIM S.A.,201535,CLUJ,RO,2391,MANUFACTURING,MANUFACTURE OF ABRASIVE PRODUCTS AND NON-METALLIC MINERAL PRODUCTS N.E.C.
CEON,ROCEONACNOR0,CEMACON SA,935310418,0.1,BSE,REGS,STANDARD,TRADEABLE,CEMACON SA,677858,CLUJ,RO,2332,MANUFACTURING,MANUFACTURE OF CLAY BUILDING MATERIALS
CMCM,ROCMCMACNOR0,COMCM SA CONSTANTA,236316678,0.1,BSE,REGS,STANDARD,TRADEABLE,COMCM SA CONSTANTA,1868287,CONSTANTA,RO,2363,MANUFACTURING,"MANUFACTURE OF ARTICLES OF CONCRETE, CEMENT AND PLASTER"
CMF,ROCMBFACNOR6,COMELF S.A.,22476423,0.58,BSE,REGS,STANDARD,TRADEABLE,COMELF S.A.,568656,BISTRITA-NASAUD,RO,2892,MANUFACTURING,MANUFACTURE OF OTHER SPECIAL-PURPOSE MACHINERY
CMP,ROCMPSACNOR9,COMPA S. A.,218821038,0.1,BSE,REGS,STANDARD,TRADEABLE,COMPA S. A.,788767,SIBIU,RO,2932,MANUFACTURING,MANUFACTURE OF PARTS AND ACCESSORIES FOR MOTOR VEHICLES
CNTE,ROCNTEACNOR9,CONTED SA,239702,9.53,BSE,REGS,STANDARD,TRADEABLE,CONTED SA,622445,BOTOSANI,RO,1413,MANUFACTURING,"MANUFACTURE OF WEARING APPAREL, EXCEPT FUR APPAREL"
COMI,ROCOMIACNOR3,CONDMAG S.A.,381335751,0.1,BSE,REGS,STANDARD,TRADEABLE,CONDMAG S.A.,1100008,BRASOV,RO,4221,CONSTRUCTION,CONSTRUCTION OF UTILITY PROJECTS
COTE,ROCOTEACNOR7,CONPET SA,8657528,3.3,BSE,REGS,PREMIUM,TRADEABLE,CONPET SA,1350020,PRAHOVA,RO,4950,TRANSPORTATION AND STORAGE,TRANSPORT VIA PIPELINE
CRC,ROCHOBACNOR8,CHIMCOMPLEX S.A. BORZESTI,304907851,1.0,BSE,REGS,STANDARD,TRADEABLE,CHIMCOMPLEX BORZESTI SA ONESTI,960322,BACAU,RO,2013,MANUFACTURING,"MANUFACTURE OF BASIC CHEMICALS, FERTILISERS AND NITROGEN COMPOUNDS, PLASTICS AND SYNTHETIC RUBBER IN PRIMARY FORMS"
DIGI,NL0012294474,Digi Communications N.V.,100000000,,BSE,REGS,INT'L,TRADEABLE,Digi Communications N.V.,808800322,-,RO,,,
EBS,AT0000652011,Erste Group Bank AG,420912908,,BSE,REGS,INT'L,TRADEABLE,Erste Group Bank AG,15361506,-,AT,6419,FINANCIAL AND INSURANCE ACTIVITIES,MONETARY INTERMEDIATION
ECT,ROELBOACNOR6,GRUPUL INDUSTRIAL ELECTROCONTACT S.A.,145000000,0.1,BSE,REGS,STANDARD,TRADEABLE,GRUPUL INDUSTRIAL ELECTROCONTACT S.A.,607321,BOTOSANI,RO,2712,MANUFACTURING,"MANUFACTURE OF ELECTRIC MOTORS, GENERATORS, TRANSFORMERS AND ELECTRICITY DISTRIBUTION AND CONTROL APPARATUS"
EFO,ROEFRIACNOR6,"TURISM, HOTELURI, RESTAURANTE MAREA NEAGRA S.A.",576008487,0.1,BSE,REGS,STANDARD,TRADEABLE,"TURISM, HOTELURI, RESTAURANTE MAREA NEAGRA S.A.",2980547,CONSTANTA,RO,5510,ACCOMMODATION AND FOOD SERVICE ACTIVITIES,HOTELS AND SIMILAR ACCOMMODATION
EL,ROELECACNOR5,SOCIETATEA ENERGETICA ELECTRICA S.A.,346443597,10.0,BSE,REGS,PREMIUM,TRADEABLE,SOCIETATEA ENERGETICA ELECTRICA S.A.,13267221,BUCURESTI,RO,7022,"PROFESSIONAL, SCIENTIFIC AND TECHNICAL ACTIVITIES",MANAGEMENT CONSULTANCY ACTIVITIES
ELGS,ROELGSACNOR6,ELECTROARGES SA,69764650,0.1,BSE,REGS,STANDARD,TRADEABLE,ELECTROARGES SA CURTEA DE ARGES,156027,BUCURESTI,RO,2751,MANUFACTURING,MANUFACTURE OF DOMESTIC APPLIANCES
ELJ,ROELJBACNOR6,ELECTROAPARATAJ S.A.,46676889,0.1,BSE,REGS,STANDARD,TRADEABLE,ELECTROAPARATAJ S.A.,51,DAMBOVITA,RO,2712,MANUFACTURING,"MANUFACTURE OF ELECTRIC MOTORS, GENERATORS, TRANSFORMERS AND ELECTRICITY DISTRIBUTION AND CONTROL APPARATUS"
ELMA,ROELMAACNOR2,ELECTROMAGNETICA SA,676038704,0.1,BSE,REGS,PREMIUM,TRADEABLE,ELECTROMAGNETICA SA,414118,BUCURESTI,RO,2651,MANUFACTURING,"MANUFACTURE OF INSTRUMENTS AND APPLIANCES FOR MEASURING, TESTING AND NAVIGATION; WATCHES AND CLOCKS"
ENP,ROENPCACNOR7,COMPANIA ENERGOPETROL S.A.,2024655,2.5,BSE,REGS,STANDARD,TRADEABLE,COMPANIA ENERGOPETROL S.A.,1323700,PRAHOVA,RO,4321,CONSTRUCTION,"ELECTRICAL, PLUMBING AND OTHER CONSTRUCTION INSTALLATION ACTIVITIES"
EVER,ROSIFBACNOR0,EVERGENT INVESTMENTS S.A.,961753592,0.1,BSE,REGS,PREMIUM,TRADEABLE,EVERGENT INVESTMENTS S.A.,2816642,BACAU,RO,6499,FINANCIAL AND INSURANCE ACTIVITIES,"OTHER FINANCIAL SERVICE ACTIVITIES, EXCEPT INSURANCE AND PENSION FUNDING"
FP,ROFPTAACNOR5,FONDUL PROPRIETATEA,5668806128,0.52,BSE,REGS,PREMIUM,TRADEABLE,FONDUL PROPRIETATEA,18253260,BUCURESTI,RO,6430,FINANCIAL AND INSURANCE ACTIVITIES,"TRUSTS, FUNDS AND SIMILAR FINANCIAL ENTITIES"
H2O,RO4Q0Z5RO1B6,S.P.E.E.H. HIDROELECTRICA S.A.,449802567,10.0,BSE,REGS,PREMIUM,TRADEABLE,SOCIETATEA DE PRODUCERE A ENERGIEI ELECTRICE IN HIDROCENTRALE  HIDROELECTRICA S.A.,13267213,BUCURESTI,RO,3511,"ELECTRICITY, GAS, STEAM AND AIR CONDITIONING SUPPLY","ELECTRIC POWER GENERATION, TRANSMISSION AND DISTRIBUTION"
IARV,ROIARVACNOR1,IAR SA Brasov,18878853,2.5,BSE,REGS,STANDARD,TRADEABLE,IAR SA Brasov,1132930,BRASOV,RO,3030,MANUFACTURING,MANUFACTURE OF AIR AND SPACECRAFT AND RELATED MACHINERY
IMP,ROIMPCACNOR0,IMPACT DEVELOPER & CONTRACTOR S.A.,2365679951,0.25,BSE,REGS,PREMIUM,TRADEABLE,IMPACT DEVELOPER & CONTRACTOR S.A.,1553483,BUCURESTI,RO,4110,CONSTRUCTION,DEVELOPMENT OF BUILDING PROJECTS
INFINITY,ROSIFEACNOR4,INFINITY CAPITAL INVESTMENTS S.A.,500000000,0.1,BSE,REGS,PREMIUM,TRADEABLE,INFINITY CAPITAL INVESTMENTS S.A.,4175676,DOLJ,RO,6499,FINANCIAL AND INSURANCE ACTIVITIES,"OTHER FINANCIAL SERVICE ACTIVITIES, EXCEPT INSURANCE AND PENSION FUNDING"
LION,ROSIFAACNOR2,LION CAPITAL S.A.,507510056,0.1,BSE,REGS,PREMIUM,TRADEABLE,LION CAPITAL S.A.,2761040,ARAD,RO,6499,FINANCIAL AND INSURANCE ACTIVITIES,"OTHER FINANCIAL SERVICE ACTIVITIES, EXCEPT INSURANCE AND PENSION FUNDING"
M,ROMEDLACNOR6,MedLife S.A.,531481968,0.25,BSE,REGS,PREMIUM,TRADEABLE,Med Life S.A.,8422035,BUCURESTI,RO,8622,HUMAN HEALTH AND SOCIAL WORK ACTIVITIES,MEDICAL AND DENTAL PRACTICE ACTIVITIES
MCAB,ROMCABACNOR7,ROMCAB SA,1014651650,0.1,BSE,REGS,STANDARD,TRADEABLE,ROMCAB SA,7947193,MURES,RO,2731,MANUFACTURING,MANUFACTURE OF WIRING AND WIRING DEVICES
MECE,ROMECEACNOR3,MECANICA FINA SA,3705956,2.5,BSE,REGS,STANDARD,TRADEABLE,MECANICA FINA SA,655,BUCURESTI,RO,6420,FINANCIAL AND INSURANCE ACTIVITIES,ACTIVITIES OF HOLDING COMPANIES
MECF,ROMECFACNOR0,MECANICA CEAHLAU,239908460,0.1,BSE,REGS,STANDARD,TRADEABLE,MECANICA CEAHLAU,2045262,NEAMT,RO,2830,MANUFACTURING,MANUFACTURE OF AGRICULTURAL AND FORESTRY MACHINERY
NAPO,RONAPOACNOR0,SOCIETATEA DE CONSTRUCTII NAPOCA SA,6231454,1.0,BSE,REGS,STANDARD,TRADEABLE,SOCIETATEA DE CONSTRUCTII NAPOCA SA,199117,CLUJ,RO,4120,CONSTRUCTION,CONSTRUCTION OF RESIDENTIAL AND NON-RESIDENTIAL BUILDINGS
OIL,ROOILTACNOR9,OIL TERMINAL S.A.,2997177132,0.1,BSE,REGS,STANDARD,TRADEABLE,OIL TERMINAL S.A.,2410163,CONSTANTA,RO,5224,TRANSPORTATION AND STORAGE,SUPPORT ACTIVITIES FOR TRANSPORTATION
ONE,ROJ8YZPDHWW8,ONE UNITED PROPERTIES,3797654315,0.2,BSE,REGS,PREMIUM,TRADEABLE,ONE UNITED PROPERTIES,22767862,BUCURESTI,RO,6420,FINANCIAL AND INSURANCE ACTIVITIES,ACTIVITIES OF HOLDING COMPANIES
PBK,ROBACRACNOR6,PATRIA BANK S.A.,3278814376,0.1,BSE,REGS,PREMIUM,TRADEABLE,PATRIA BANK S.A.,11447021,BUCURESTI,RO,6419,FINANCIAL AND INSURANCE ACTIVITIES,MONETARY INTERMEDIATION
PPL,ROPRLAACNOR7,PROMATERIS S.A.,28697499,0.1,BSE,REGS,STANDARD,TRADEABLE,PROMATERIS S.A.,108,Ilfov,RO,2229,MANUFACTURING,MANUFACTURE OF PLASTICS PRODUCTS
PREB,ROPREBACNOR0,PREBET SA AIUD,45553043,0.18,BSE,REGS,STANDARD,TRADEABLE,PREBET SA AIUD,1763841,ALBA,RO,2361,MANUFACTURING,"MANUFACTURE OF ARTICLES OF CONCRETE, CEMENT AND PLASTER"
PREH,ROPREHACNOR7,PREFAB SA,48533419,0.5,BSE,REGS,STANDARD,TRADEABLE,PREFAB SA,1916198,BUCURESTI,RO,2361,MANUFACTURING,"MANUFACTURE OF ARTICLES OF CONCRETE, CEMENT AND PLASTER"
PTR,ROPESAACNOR0,ROMPETROL WELL SERVICES S.A.,278190900,0.1,BSE,REGS,STANDARD,TRADEABLE,ROMPETROL WELL SERVICES S.A.,1346607,PRAHOVA,RO,0910,MINING AND QUARRYING,SUPPORT ACTIVITIES FOR PETROLEUM AND NATURAL GAS EXTRACTION
RMAH,RORMAHACNOR2,FARMACEUTICA REMEDIA SA,95480820,0.1,BSE,REGS,STANDARD,TRADEABLE,FARMACEUTICA REMEDIA SA,2115198,HUNEDOARA,RO,4773,WHOLESALE AND RETAIL TRADE; REPAIR OF MOTOR VEHICLES AND MOTORCYCLES,RETAIL SALE OF OTHER GOODS IN SPECIALISED STORES
ROC1,RO9FY9SRFU46,ROCA INDUSTRY HOLDINGROCK1 S.A.,24867222,10.0,BSE,REGS,STANDARD,TRADEABLE,ROCA INDUSTRY HOLDINGROCK1 S.A.,44987869,BUCURESTI,RO,6420,FINANCIAL AND INSURANCE ACTIVITIES,ACTIVITIES OF HOLDING COMPANIES
ROCE,ROROCEACNOR1,ROMCARBON SA,528244192,0.1,BSE,REGS,STANDARD,TRADEABLE,ROMCARBON SA,1158050,BUZAU,RO,2222,MANUFACTURING,MANUFACTURE OF PLASTICS PRODUCTS
RPH,ROIAFRACNOR4,ROPHARMA SA,511267413,0.1,BSE,REGS,STANDARD,TRADEABLE,ROPHARMA SA,1962437,BRASOV,RO,4773,WHOLESALE AND RETAIL TRADE; REPAIR OF MOTOR VEHICLES AND MOTORCYCLES,RETAIL SALE OF OTHER GOODS IN SPECIALISED STORES
RRC,ROPTRMACNOR5,ROMPETROL RAFINARE S.A.,26559205726,0.1,BSE,REGS,STANDARD,TRADEABLE,ROMPETROL RAFINARE S.A.,1860712,CONSTANTA,RO,1920,MANUFACTURING,MANUFACTURE OF REFINED PETROLEUM PRODUCTS
SAFE,RO0MDTLNZV25,SAFETECH INNOVATIONS,66500000,0.2,BSE,REGS,STANDARD,TRADEABLE,SAFETECH INNOVATIONS S.A.,28239696,BUCURESTI,RO,6203,INFORMATION AND COMMUNICATION,"COMPUTER PROGRAMMING, CONSULTANCY AND RELATED ACTIVITIES"
SCD,ROSCDBACNOR8,ZENTIVA S.A.,697017040,0.1,BSE,REGS,STANDARD,TRADEABLE,ZENTIVA S.A.,336206,BUCURESTI,RO,2120,MANUFACTURING,MANUFACTURE OF PHARMACEUTICAL PREPARATIONS
SFG,ROSFGPACNOR4,Sphera Franchise Group,38799340,15.0,BSE,REGS,PREMIUM,TRADEABLE,SPHERA FRANCHISE GROUP,37586457,BUCURESTI,RO,7010,"PROFESSIONAL, SCIENTIFIC AND TECHNICAL ACTIVITIES",ACTIVITIES OF HEAD OFFICES
SIF4,ROSIFDACNOR6,SIF MUNTENIA S.A.,784645201,0.1,BSE,REGS,PREMIUM,TRADEABLE,SIF MUNTENIA S.A.,3168735,BUCURESTI,RO,6499,FINANCIAL AND INSURANCE ACTIVITIES,"OTHER FINANCIAL SERVICE ACTIVITIES, EXCEPT INSURANCE AND PENSION FUNDING"
SNG,ROSNGNACNOR3,S.N.G.N. ROMGAZ S.A.,385422400,1.0,BSE,REGS,PREMIUM,TRADEABLE,S.N.G.N. ROMGAZ S.A.,14056826,SIBIU,RO,0620,MINING AND QUARRYING,EXTRACTION OF NATURAL GAS
SNN,ROSNNEACNOR8,S.N. NUCLEARELECTRICA S.A.,301643894,10.0,BSE,REGS,PREMIUM,TRADEABLE,S.N. NUCLEARELECTRICA S.A.,10874881,BUCURESTI,RO,3511,"ELECTRICITY, GAS, STEAM AND AIR CONDITIONING SUPPLY","ELECTRIC POWER GENERATION, TRANSMISSION AND DISTRIBUTION"
SNO,ROSAUVACNOR4,SANTIERUL NAVAL ORSOVA S.A.,11422919,2.5,BSE,REGS,STANDARD,TRADEABLE,SANTIERUL NAVAL ORSOVA S.A.,1614734,MEHEDINTI,RO,3011,MANUFACTURING,BUILDING OF SHIPS AND BOATS
SNP,ROSNPPACNOR9,OMV PETROM S.A.,62311667058,0.1,BSE,REGS,PREMIUM,TRADEABLE,OMV PETROM S.A.,1590082,BUCURESTI,RO,0610,MINING AND QUARRYING,EXTRACTION OF CRUDE PETROLEUM
SOCP,ROSOCPACNOR5,SOCEP S.A.,639727504,0.1,BSE,REGS,STANDARD,TRADEABLE,SOCEP S.A.,1870767,CONSTANTA,RO,5224,TRANSPORTATION AND STORAGE,SUPPORT ACTIVITIES FOR TRANSPORTATION
STZ,ROSTZOACNOR8,SINTEZA S.A.,66112590,0.15,BSE,REGS,STANDARD,TRADEABLE,SINTEZA S.A.,67329,BIHOR,RO,2014,MANUFACTURING,"MANUFACTURE OF BASIC CHEMICALS, FERTILISERS AND NITROGEN COMPOUNDS, PLASTICS AND SYNTHETIC RUBBER IN PRIMARY FORMS"
TBK,ROTBKAACNOR5,TRANSILVANIA BROKER DE ASIGURARE,5000000,0.1,BSE,REGS,STANDARD,TRADEABLE,TRANSILVANIA BROKER DE ASIGURARE SA,19044296,BISTRITA-NASAUD,RO,6622,FINANCIAL AND INSURANCE ACTIVITIES,ACTIVITIES AUXILIARY TO INSURANCE AND PENSION FUNDING
TBM,ROTBMBACNOR9,TURBOMECANICA S.A.,369442475,0.1,BSE,REGS,STANDARD,TRADEABLE,TURBOMECANICA S.A.,3156315,BUCURESTI,RO,3030,MANUFACTURING,MANUFACTURE OF AIR AND SPACECRAFT AND RELATED MACHINERY
TEL,ROTSELACNOR9,C.N.T.E.E. TRANSELECTRICA,73303142,10.0,BSE,REGS,PREMIUM,TRADEABLE,C.N.T.E.E. TRANSELECTRICA,13328043,BUCURESTI,RO,3512,"ELECTRICITY, GAS, STEAM AND AIR CONDITIONING SUPPLY","ELECTRIC POWER GENERATION, TRANSMISSION AND DISTRIBUTION"
TGN,ROTGNTACNOR8,S.N.T.G.N. TRANSGAZ S.A.,188381504,10.0,BSE,REGS,PREMIUM,TRADEABLE,S.N.T.G.N. TRANSGAZ S.A.,13068733,SIBIU,RO,4950,TRANSPORTATION AND STORAGE,TRANSPORT VIA PIPELINE
TLV,ROTLVAACNOR1,BANCA TRANSILVANIA S.A.,798658233,10.0,BSE,REGS,PREMIUM,TRADEABLE,BANCA TRANSILVANIA S.A.,5022670,CLUJ,RO,6419,FINANCIAL AND INSURANCE ACTIVITIES,MONETARY INTERMEDIATION
TRANSI,ROSIFCACNOR8,TRANSILVANIA INVESTMENTS ALLIANCE S.A.,2162443797,0.1,BSE,REGS,PREMIUM,TRADEABLE,TRANSILVANIA INVESTMENTS ALLIANCE S.A.,3047687,BRASOV,RO,6499,FINANCIAL AND INSURANCE ACTIVITIES,"OTHER FINANCIAL SERVICE ACTIVITIES, EXCEPT INSURANCE AND PENSION FUNDING"
TRP,ROTRPLACNOR7,TERAPLAST SA,2179000358,0.1,BSE,REGS,STANDARD,TRADEABLE,TERAPLAST SA,3094980,BISTRITA-NASAUD,RO,2221,MANUFACTURING,MANUFACTURE OF PLASTICS PRODUCTS
TTS,ROYCRRK66RD8,TTS (TRANSPORT TRADE SERVICES),60000000,1.0,BSE,REGS,PREMIUM,TRADEABLE,TTS (TRANSPORT TRADE SERVICES) S.A.,9089452,BUCURESTI,RO,5229,TRANSPORTATION AND STORAGE,SUPPORT ACTIVITIES FOR TRANSPORTATION
TUFE,ROTUFEACNOR7,TURISM FELIX S.A.,491187962,0.1,BSE,REGS,STANDARD,TRADEABLE,TURISM FELIX S.A.,108526,BIHOR,RO,5510,ACCOMMODATION AND FOOD SERVICE ACTIVITIES,HOTELS AND SIMILAR ACCOMMODATION
UAM,ROUAMTACNOR1,UAMT S.A.,39481911,0.45,BSE,REGS,STANDARD,TRADEABLE,UAMT S.A.,54620,BIHOR,RO,2932,MANUFACTURING,MANUFACTURE OF PARTS AND ACCESSORIES FOR MOTOR VEHICLES
UCM,RORESYACNOR6,UCM RESITA S.A.,109933904,0.1,BSE,REGS,STANDARD,TRADEABLE,UCM RESITA S.A.,1056654,BUCURESTI,RO,2811,MANUFACTURING,MANUFACTURE OF GENERAL-PURPOSE MACHINERY
VNC,ROVRJUACNOR7,VRANCART SA,1691216653,0.1,BSE,REGS,STANDARD,TRADEABLE,VRANCART SA,1454846,VRANCEA,RO,1721,MANUFACTURING,MANUFACTURE OF ARTICLES OF PAPER AND PAPERBOARD 
WINE,CY0107600716,PURCARI WINERIES PUBLIC COMPANY LIMITED,40117500,,BSE,REGS,INT'L,TRADEABLE,PURCARI WINERIES PUBLIC COMPANY LIMITED,HE 201949,-,CY,,,
2P,ROZMYY1W6LM9,2PERFORMANT NETWORK,13033043,0.1,ATS,AERO,AERO PREMIUM,TRADEABLE,2PERFORMANT NETWORK SA,26405652,BUCURESTI,RO,6209,INFORMATION AND COMMUNICATION,"COMPUTER PROGRAMMING, CONSULTANCY AND RELATED ACTIVITIES"
AAB,ROJ1IZXEYIU6,AGROLAND AGRIBUSINESS,5695730,0.1,ATS,AERO,AERO PREMIUM,TRADEABLE,AGROLAND AGRIBUSINESS,37478862,DOLJ,RO,4621,WHOLESALE AND RETAIL TRADE; REPAIR OF MOTOR VEHICLES AND MOTORCYCLES,WHOLESALE OF AGRICULTURAL RAW MATERIALS AND LIVE ANIMALS
ABN,RO4RE5P89AZ6,ABN Systems International,43997699,0.1,ATS,AERO,AERO PREMIUM,TRADEABLE,ABN Systems International,14988404,BUCURESTI,RO,4652,WHOLESALE AND RETAIL TRADE; REPAIR OF MOTOR VEHICLES AND MOTORCYCLES,WHOLESALE OF INFORMATION AND COMMUNICATION EQUIPMENT
ADISS,ROL8TEGLBRX2,ADISS,16980000,0.5,ATS,AERO,AERO PREMIUM,TRADEABLE,ADISS,3359107,MARAMURES,RO,2829,MANUFACTURING,MANUFACTURE OF OTHER GENERAL-PURPOSE MACHINERY
ADMY,ROADMYACNOR7,ADMET SA GALATI,525963,2.5,ATS,AERO,AERO STANDARD,TRADEABLE,ADMET SA GALATI,1628551,GALATI,RO,4672,WHOLESALE AND RETAIL TRADE; REPAIR OF MOTOR VEHICLES AND MOTORCYCLES,OTHER SPECIALISED WHOLESALE
AG,RO3UHXXNWZE0,AGROLAND BUSINESS SYSTEM,89978992,0.1,ATS,AERO,AERO PREMIUM,TRADEABLE,AGROLAND BUSINESS SYSTEM S.A.,25165241,TIMIS,RO,4776,WHOLESALE AND RETAIL TRADE; REPAIR OF MOTOR VEHICLES AND MOTORCYCLES,RETAIL SALE OF OTHER GOODS IN SPECIALISED STORES
AGCM,ROAGCMACNOR6,AGROMEC SA CIOROGARLA,36000,2.5,ATS,AERO,AERO STANDARD,TRADEABLE,AGROMEC SA CIOROGARLA,2605572,ILFOV,RO,6820,REAL ESTATE ACTIVITIES,RENTING AND OPERATING OF OWN OR LEASED REAL ESTATE
AGQR,ROAGQRACNOR5,ALDANI MASTER CAPITAL S.A.,7170161,0.1,ATS,AERO,AERO STANDARD,TRADEABLE,ALDANI MASTER CAPITAL S.A.,1467544,CLUJ,RO,7112,"PROFESSIONAL, SCIENTIFIC AND TECHNICAL ACTIVITIES",ARCHITECTURAL AND ENGINEERING ACTIVITIES AND RELATED TECHNICAL CONSULTANCY
ALB,ROAPAMACNOR1,ALBAPAM S.A.,10070600,0.1,ATS,AERO,AERO STANDARD,TRADEABLE,ALBAPAM S.A.,1761654,ALBA,RO,1071,MANUFACTURING,MANUFACTURE OF BAKERY AND FARINACEOUS PRODUCTS
ALCQ,ROALCQACNOR7,ALCOM SA TIMISOARA,124136,2.5,ATS,AERO,AERO STANDARD,TRADEABLE,ALCOM SA TIMISOARA,1801848,TIMIS,RO,4711,WHOLESALE AND RETAIL TRADE; REPAIR OF MOTOR VEHICLES AND MOTORCYCLES,RETAIL SALE IN NON-SPECIALISED STORES
ALRV,ROALRVACNOR5,ALIMENTARA SA Slatina,411075,2.43,ATS,AERO,AERO STANDARD,TRADEABLE,ALIMENTARA SA Slatina,1513357,OLT,RO,4711,WHOLESALE AND RETAIL TRADE; REPAIR OF MOTOR VEHICLES AND MOTORCYCLES,RETAIL SALE IN NON-SPECIALISED STORES
ALW,RODHGCP0NGX5,VISUAL FAN,6666600,0.1,ATS,AERO,AERO PREMIUM,TRADEABLE,VISUAL FAN,14724950,BRASOV,RO,4643,WHOLESALE AND RETAIL TRADE; REPAIR OF MOTOR VEHICLES AND MOTORCYCLES,WHOLESALE OF HOUSEHOLD GOODS
AMAL,ROAMALACNOR0,INTERNATIONAL CAVIAR CORPORATION SA CALAN,92516657,0.1,ATS,AERO,AERO PREMIUM,TRADEABLE,INTERNATIONAL CAVIAR CORPORATION SA CALAN,2141715,HUNEDOARA,RO,0322,"AGRICULTURE, FORESTRY AND FISHING",AQUACULTURE
ANIM,ROANIMACNOR9,STUDIOUL CINEMATOGRAFIC ANIMAFILM SA BUCURESTI,43094,2.5,ATS,AERO,AERO STANDARD,TRADEABLE,STUDIOUL CINEMATOGRAFIC ANIMAFILM SA BUCURESTI,338819,BUCURESTI,RO,5911,INFORMATION AND COMMUNICATION,"MOTION PICTURE, VIDEO AND TELEVISION PROGRAMME ACTIVITIES"
ANTA,ROANTAACNOR1,ROMANTA ESTIVAL 2002 SA NEPTUN,6131673,0.1,ATS,AERO,AERO STANDARD,TRADEABLE,ROMANTA ESTIVAL 2002 SA NEPTUN,14681611,CONSTANTA,RO,5510,ACCOMMODATION AND FOOD SERVICE ACTIVITIES,HOTELS AND SIMILAR ACCOMMODATION
ANTE,ROANTEACNOR3,ANTECO SA PLOIESTI,40934459,0.1,ATS,AERO,AERO STANDARD,TRADEABLE,ANTECO SA PLOIESTI,1351808,PRAHOVA,RO,3109,MANUFACTURING,MANUFACTURE OF FURNITURE
APP,RO76FWSPH543,APPRAISAL & VALUATION,1287000,0.1,ATS,AERO,AERO PREMIUM,TRADEABLE,APPRAISAL & VALUATION,26760786,BUCURESTI,RO,7022,"PROFESSIONAL, SCIENTIFIC AND TECHNICAL ACTIVITIES",MANAGEMENT CONSULTANCY ACTIVITIES
ARAX,ROARAXACNOR4,ARMAX GAZ SA Medias,6141798,10.0,ATS,AERO,AERO BASE,TRADEABLE,ARMAX GAZ SA Medias,803727,SIBIU,RO,2511,MANUFACTURING,MANUFACTURE OF STRUCTURAL METAL PRODUCTS
ARCU,ROARCUACNOR6,SIFI CLUJ RETAIL SA Bucuresti,27254859,0.1,ATS,AERO,AERO STANDARD,TRADEABLE,SIFI CLUJ RETAIL SA Bucuresti,199060,BUCURESTI,RO,6820,REAL ESTATE ACTIVITIES,RENTING AND OPERATING OF OWN OR LEASED REAL ESTATE
ARCV,ROARCVACNOR4,IMOTRUST SA ARAD,555613268,0.1,ATS,AERO,AERO PREMIUM,TRADEABLE,IMOTRUST SA ARAD,1680630,ARAD,RO,4110,CONSTRUCTION,DEVELOPMENT OF BUILDING PROJECTS
ARJI,ROARJIACNOR6,ARTECA SA JILAVA,3716830,2.5,ATS,AERO,AERO STANDARD,TRADEABLE,ARTECA SA JILAVA,480871,ILFOV,RO,2219,MANUFACTURING,MANUFACTURE OF RUBBER PRODUCTS
ARMT,ROARMTACNOR7,CAROMET SA CARANSEBES,12503656,2.5,ATS,AERO,AERO STANDARD,TRADEABLE,CAROMET SA CARANSEBES,1066631,CARAS-SEVERIN,RO,2511,MANUFACTURING,MANUFACTURE OF STRUCTURAL METAL PRODUCTS
ARO,ROPOSTACNOR9,ARO-PALACE SA  BRASOV,403201571,0.1,ATS,AERO,AERO STANDARD,TRADEABLE,ARO-PALACE SA  BRASOV,1102041,BRASOV,RO,5510,ACCOMMODATION AND FOOD SERVICE ACTIVITIES,HOTELS AND SIMILAR ACCOMMODATION
ASC,ROASCIACNOR9,ASCENDIA SA,11721801,0.1,ATS,AERO,AERO PREMIUM,TRADEABLE,ASCENDIA SA,21482859,BUCURESTI,RO,6201,INFORMATION AND COMMUNICATION,"COMPUTER PROGRAMMING, CONSULTANCY AND RELATED ACTIVITIES"
AST,ROD6RWU7GIX9,ARCTIC STREAM,4191300,0.1,ATS,AERO,AERO PREMIUM,TRADEABLE,ARCTIC STREAM,38114908,BUCURESTI,RO,6202,INFORMATION AND COMMUNICATION,"COMPUTER PROGRAMMING, CONSULTANCY AND RELATED ACTIVITIES"
ATRD,ROATRDACNOR6,ATELIERELE CFR GRIVITA SA BUCURESTI,2551865,2.5,ATS,AERO,AERO STANDARD,TRADEABLE,ATELIERELE CFR GRIVITA SA BUCURESTI,1555026,BUCURESTI,RO,3020,MANUFACTURING,MANUFACTURE OF RAILWAY LOCOMOTIVES AND ROLLING STOCK
AUXI,ROAUXIACNOR1,ATM - CONSTRUCT SA PLOIESTI,92761,2.5,ATS,AERO,AERO STANDARD,TRADEABLE,ATM - CONSTRUCT SA PLOIESTI,1352528,PRAHOVA,RO,4211,CONSTRUCTION,CONSTRUCTION OF ROADS AND RAILWAYS
AVIO,ROAVIOACNOR8,AVIOANE SA CRAIOVA,32113388,2.5,ATS,AERO,AERO STANDARD,TRADEABLE,AVIOANE SA CRAIOVA,2326144,DOLJ,RO,3030,MANUFACTURING,MANUFACTURE OF AIR AND SPACECRAFT AND RELATED MACHINERY
AVSL,ROAVSLACNOR3,AVICOLA SA SLOBOZIA,2536801,2.5,ATS,AERO,AERO STANDARD,TRADEABLE,AVICOLA SA SLOBOZIA,2073092,IALOMITA,RO,0147,"AGRICULTURE, FORESTRY AND FISHING",ANIMAL PRODUCTION
BADE,ROBADEACNOR2,BAD SA SUCEAVA,1377900,0.83,ATS,AERO,AERO STANDARD,TRADEABLE,BAD SA SUCEAVA,7282162,SUCEAVA,RO,4672,WHOLESALE AND RETAIL TRADE; REPAIR OF MOTOR VEHICLES AND MOTORCYCLES,OTHER SPECIALISED WHOLESALE
BALN,ROBALNACNOR6,TRATAMENT BALNEAR BUZIAS SA BUZIAS,158500000,0.1,ATS,AERO,AERO STANDARD,TRADEABLE,TRATAMENT BALNEAR BUZIAS SA BUZIAS,1849307,TIMIS,RO,5510,ACCOMMODATION AND FOOD SERVICE ACTIVITIES,HOTELS AND SIMILAR ACCOMMODATION
BBGA,ROBBGAACNOR1,ALUM SA Tulcea,82086203,5.95,ATS,AERO,AERO STANDARD,TRADEABLE,ALUM SA Tulcea,2360405,TULCEA,RO,2442,MANUFACTURING,MANUFACTURE OF BASIC PRECIOUS AND OTHER NON-FERROUS METALS
BENTO,ROQKJ0LFIS51,2B Intelligent Soft,13645500,0.1,ATS,AERO,AERO PREMIUM,TRADEABLE,2B INTELLIGENT SOFT S.A.,16558004,BUCURESTI,RO,6201,INFORMATION AND COMMUNICATION,"COMPUTER PROGRAMMING, CONSULTANCY AND RELATED ACTIVITIES"
BIBU,ROBIBUACNOR5,BTT SA BUCURESTI,5416686,2.5,ATS,AERO,AERO STANDARD,TRADEABLE,BTT SA BUCURESTI,1573170,BUCURESTI,RO,5510,ACCOMMODATION AND FOOD SERVICE ACTIVITIES,HOTELS AND SIMILAR ACCOMMODATION
BIOW,ROI91OMWY430,VIFRANA,50218357,0.2,ATS,AERO,AERO PREMIUM,TRADEABLE,VIFRANA S.A.,10684445,CONSTANTA,RO,0121,"AGRICULTURE, FORESTRY AND FISHING",GROWING OF PERENNIAL CROPS
BKS,ROCEREACNOR2,BRIKSTON CONSTRUCTION SOLUTIONS,160224827,0.1,ATS,AERO,AERO PREMIUM,TRADEABLE,BRIKSTON CONSTRUCTION SOLUTIONS  S.A.,1989343,IASI,RO,2332,MANUFACTURING,MANUFACTURE OF CLAY BUILDING MATERIALS
BLEA,ROBLEAACNOR5,BALEA ESTIVAL 2002 SA NEPTUN,5050815,0.1,ATS,AERO,AERO STANDARD,TRADEABLE,BALEA ESTIVAL 2002 SA NEPTUN,14662555,CONSTANTA,RO,5510,ACCOMMODATION AND FOOD SERVICE ACTIVITIES,HOTELS AND SIMILAR ACCOMMODATION
BNAT,ROBNATACNOR9,BANAT ESTIVAL 2002 SA OLIMP,3920153,0.1,ATS,AERO,AERO STANDARD,TRADEABLE,BANAT ESTIVAL 2002 SA OLIMP,14662350,CONSTANTA,RO,5510,ACCOMMODATION AND FOOD SERVICE ACTIVITIES,HOTELS AND SIMILAR ACCOMMODATION
BONA,ROP96R6D57V1,BONAS IMPORT EXPORT,11797276,1.0,ATS,AERO,AERO PREMIUM,TRADEABLE,BONAS IMPORT EXPORT,228824,CLUJ,RO,1051,MANUFACTURING,MANUFACTURE OF DAIRY PRODUCTS
BRCR,ROBRCRACNOR0,BRAICONF SA BUCURESTI,62791933,0.1,ATS,AERO,AERO PREMIUM,TRADEABLE,BRAICONF SA BUCURESTI,2266085,BUCURESTI,RO,1414,MANUFACTURING,"MANUFACTURE OF WEARING APPAREL, EXCEPT FUR APPAREL"
BRNA,ROBRNAACNOR3,ROMNAV SA BRAILA,2171789,1.2,ATS,AERO,AERO STANDARD,TRADEABLE,ROMNAV SA BRAILA,2251084,BRAILA,RO,5040,TRANSPORTATION AND STORAGE,INLAND FREIGHT WATER TRANSPORT
BUCS,ROBUCSACNOR2,BUCOVINA SA SCHEIA,18828413,0.1,ATS,AERO,AERO STANDARD,TRADEABLE,BUCOVINA SA SCHEIA,717030,SUCEAVA,RO,1051,MANUFACTURING,MANUFACTURE OF DAIRY PRODUCTS
BUCU,ROBUCUACNOR8,BUCUR OBOR SA BUCURESTI,13375750,0.1,ATS,AERO,AERO PREMIUM,TRADEABLE,BUCUR OBOR SA BUCURESTI,19,BUCURESTI,RO,4719,WHOLESALE AND RETAIL TRADE; REPAIR OF MOTOR VEHICLES AND MOTORCYCLES,RETAIL SALE IN NON-SPECIALISED STORES
BUCV,ROBUCVACNOR6,BUCUR SA Bucuresti,83275594,0.1,ATS,AERO,AERO PREMIUM,TRADEABLE,BUCUR SA Bucuresti,1584234,BUCURESTI,RO,4639,WHOLESALE AND RETAIL TRADE; REPAIR OF MOTOR VEHICLES AND MOTORCYCLES,"WHOLESALE OF FOOD, BEVERAGES AND TOBACCO"
CAB,ROK3B954ZRB9,GOCAB SOFTWARE S.A.,84747350,0.1,ATS,AERO,AERO PREMIUM,TRADEABLE,GOCAB SOFTWARE S.A.,41884893,Bucuresti,RO,6201,INFORMATION AND COMMUNICATION,"COMPUTER PROGRAMMING, CONSULTANCY AND RELATED ACTIVITIES"
CACU,ROCACUACNOR8,SIFI CJ LOGISTIC SA,985733,2.5,ATS,AERO,AERO STANDARD,TRADEABLE,SIFI CJ LOGISTIC SA,201624,BUCURESTI,RO,4619,WHOLESALE AND RETAIL TRADE; REPAIR OF MOTOR VEHICLES AND MOTORCYCLES,WHOLESALE ON A FEE OR CONTRACT BASIS
CAIN,ROCAINACNOR0,CASA ALBA - INDEPENDENTA SA SIBIU,1466729,2.5,ATS,AERO,AERO STANDARD,TRADEABLE,CASA ALBA - INDEPENDENTA SA SIBIU,23058338,SIBIU,RO,6820,REAL ESTATE ACTIVITIES,RENTING AND OPERATING OF OWN OR LEASED REAL ESTATE
CBOT,ROCBOTACNOR3,COMCEREAL SA BOTOSANI,1012740,2.5,ATS,AERO,AERO STANDARD,TRADEABLE,COMCEREAL SA BOTOSANI,8278020,BOTOSANI,RO,0111,"AGRICULTURE, FORESTRY AND FISHING",GROWING OF NON-PERENNIAL CROPS
CC,RORQ95KPG879,CONNECTIONS CONSULT S.A.,13081999,0.1,ATS,AERO,AERO PREMIUM,TRADEABLE,Connections Consult,17753763,BUCURESTI,RO,6202,INFORMATION AND COMMUNICATION,"COMPUTER PROGRAMMING, CONSULTANCY AND RELATED ACTIVITIES"
CCOM,ROCCOMACNOR6,CEREALCOM SA ALEXANDRIA,517938025,0.1,ATS,AERO,AERO STANDARD,TRADEABLE,CEREALCOM SA ALEXANDRIA,9625020,TELEORMAN,RO,0111,"AGRICULTURE, FORESTRY AND FISHING",GROWING OF NON-PERENNIAL CROPS
CEPO,ROCEPOACNOR5,CEPROCIM SA BUCURESTI,1444494,2.5,ATS,AERO,AERO STANDARD,TRADEABLE,CEPROCIM SA BUCURESTI,449620,BUCURESTI,RO,7219,"PROFESSIONAL, SCIENTIFIC AND TECHNICAL ACTIVITIES",RESEARCH AND EXPERIMENTAL DEVELOPMENT ON NATURAL SCIENCES AND ENGINEERING
CFED,ROCFEDACNOR9,CONSTRUCTII FEROVIARE CRAIOVA SA CRAIOVA,1172182,0.85,ATS,AERO,AERO STANDARD,TRADEABLE,CONSTRUCTII FEROVIARE CRAIOVA SA CRAIOVA,2292068,DOLJ,RO,4211,CONSTRUCTION,CONSTRUCTION OF ROADS AND RAILWAYS
CHIA,ROCHIAACNOR2,CONSTRUCTII HIDROTEHNICE SA IASI,521424,2.5,ATS,AERO,AERO STANDARD,TRADEABLE,CONSTRUCTII HIDROTEHNICE SA IASI,1957570,IASI,RO,4221,CONSTRUCTION,CONSTRUCTION OF UTILITY PROJECTS
CHRD,ROZ5681K54Z2,CHROMOSOME DYNAMICS,793320,0.2,ATS,AERO,AERO PREMIUM,TRADEABLE,CHROMOSOME DYNAMICS,42234198,BUCURESTI,RO,4791,WHOLESALE AND RETAIL TRADE; REPAIR OF MOTOR VEHICLES AND MOTORCYCLES,"RETAIL TRADE NOT IN STORES, STALLS OR MARKETS"
CICE,ROCICEACNOR5,CICERO SA DR. T. SEVERIN,229896,2.5,ATS,AERO,AERO STANDARD,TRADEABLE,CICERO SA DR. T. SEVERIN,1605868,MEHEDINTI,RO,5610,ACCOMMODATION AND FOOD SERVICE ACTIVITIES,RESTAURANTS AND MOBILE FOOD SERVICE ACTIVITIES
CICO,ROCICOACNOR4,CI-CO SA,2705987,2.5,ATS,AERO,AERO STANDARD,TRADEABLE,CI-CO SA,167,BUCURESTI,RO,6820,REAL ESTATE ACTIVITIES,RENTING AND OPERATING OF OWN OR LEASED REAL ESTATE
CLAIM,ROTNUON975Y2,AIR CLAIM,4400000,0.1,ATS,AERO,AERO PREMIUM,TRADEABLE,AIR CLAIM,39395976,CONSTANTA,RO,5223,TRANSPORTATION AND STORAGE,SUPPORT ACTIVITIES FOR TRANSPORTATION
CLUB,ROCLUBACNOR7,HOTEL CLUB ESTIVAL 2002 SA NEPTUN,7583302,0.1,ATS,AERO,AERO STANDARD,TRADEABLE,HOTEL CLUB ESTIVAL 2002 SA NEPTUN,14662369,CONSTANTA,RO,5510,ACCOMMODATION AND FOOD SERVICE ACTIVITIES,HOTELS AND SIMILAR ACCOMMODATION
CMBU,ROCMBUACNOR5,COMMIXT SA BUFTEA,303243,2.5,ATS,AERO,AERO STANDARD,TRADEABLE,COMMIXT SA BUFTEA,2788305,Ilfov,RO,1610,MANUFACTURING,SAWMILLING AND PLANING OF WOOD
CMIL,ROCMILACNOR9,COMCEREAL SA BUCURESTI,1239006,2.5,ATS,AERO,AERO STANDARD,TRADEABLE,COMCEREAL SA BUCURESTI,8208989,BUCURESTI,RO,4621,WHOLESALE AND RETAIL TRADE; REPAIR OF MOTOR VEHICLES AND MOTORCYCLES,WHOLESALE OF AGRICULTURAL RAW MATERIALS AND LIVE ANIMALS
CMVX,ROCMVXACNOR7,COMVEX SA CONSTANTA,11655971,2.5,ATS,AERO,AERO STANDARD,TRADEABLE,COMVEX SA CONSTANTA,1909360,CONSTANTA,RO,5224,TRANSPORTATION AND STORAGE,SUPPORT ACTIVITIES FOR TRANSPORTATION
COBL,ROCOBLACNOR0,BRICOMAT SA SIBIU,1017683,2.5,ATS,AERO,AERO STANDARD,TRADEABLE,BRICOMAT SA SIBIU,788333,SIBIU,RO,4649,WHOLESALE AND RETAIL TRADE; REPAIR OF MOTOR VEHICLES AND MOTORCYCLES,WHOLESALE OF HOUSEHOLD GOODS
COBU,ROCOBUACNOR1,RENEWABLE HOLDING MANAGEMENT S.A. BUCURESTI,4784700,0.1,ATS,AERO,AERO STANDARD,TRADEABLE,RENEWABLE HOLDING MANAGEMENT S.A. BUCURESTI,1152635,BUCURESTI,RO,4120,CONSTRUCTION,CONSTRUCTION OF RESIDENTIAL AND NON-RESIDENTIAL BUILDINGS
COCB,ROCOCBACNOR9,COMCEREAL SA SLOBOZIA,841301,2.5,ATS,AERO,AERO STANDARD,TRADEABLE,COMCEREAL SA SLOBOZIA,8415941,IALOMITA,RO,0161,"AGRICULTURE, FORESTRY AND FISHING",SUPPORT ACTIVITIES TO AGRICULTURE AND POST-HARVEST CROP ACTIVITIES
COCR,ROCOCRACNOR5,COCOR SA Bucuresti,301691,40.0,ATS,AERO,AERO STANDARD,TRADEABLE,COCOR SA Bucuresti,327763,BUCURESTI,RO,6820,REAL ESTATE ACTIVITIES,RENTING AND OPERATING OF OWN OR LEASED REAL ESTATE
CODE,RO1C3WJVLSM1,Softbinator Technologies,21040842,0.1,ATS,AERO,AERO PREMIUM,TRADEABLE,Softbinator Technologies,38043696,BUCURESTI,RO,6201,INFORMATION AND COMMUNICATION,"COMPUTER PROGRAMMING, CONSULTANCY AND RELATED ACTIVITIES"
COEC,ROCOECACNOR3,CONECT BUSINESS PARK SA BUCURESTI,1213673,8.81,ATS,AERO,AERO STANDARD,TRADEABLE,CONECT BUSINESS PARK SA BUCURESTI,116,BUCURESTI,RO,6820,REAL ESTATE ACTIVITIES,RENTING AND OPERATING OF OWN OR LEASED REAL ESTATE
COET,ROCOETACNOR7,COMPLEX COMET SA BUCURESTI,1248710,2.5,ATS,AERO,AERO STANDARD,TRADEABLE,COMPLEX COMET SA BUCURESTI,2622360,BUCURESTI,RO,6820,REAL ESTATE ACTIVITIES,RENTING AND OPERATING OF OWN OR LEASED REAL ESTATE
COKG,ROCOKGACNOR1,COMALEX SA Alexandria,569794,2.5,ATS,AERO,AERO STANDARD,TRADEABLE,COMALEX SA Alexandria,1384767,TELEORMAN,RO,6820,REAL ESTATE ACTIVITIES,RENTING AND OPERATING OF OWN OR LEASED REAL ESTATE
COKJ,ROCOKJACNOR5,CONCIVIA SA BRAILA,1021706,2.5,ATS,AERO,AERO STANDARD,TRADEABLE,CONCIVIA SA BRAILA,2252764,BRAILA,RO,4120,CONSTRUCTION,CONSTRUCTION OF RESIDENTIAL AND NON-RESIDENTIAL BUILDINGS
COLK,ROCOLKACNOR1,CONEX PRAHOVA SA BUCURESTI,176301,2.5,ATS,AERO,AERO STANDARD,TRADEABLE,CONEX PRAHOVA SA BUCURESTI,1343686,BUCURESTI,RO,4399,CONSTRUCTION,OTHER SPECIALISED CONSTRUCTION ACTIVITIES
COMY,ROCOMYACNOR0,COMAT SA GIURGIU,771486,2.5,ATS,AERO,AERO STANDARD,TRADEABLE,COMAT SA GIURGIU,1291838,GIURGIU,RO,4690,WHOLESALE AND RETAIL TRADE; REPAIR OF MOTOR VEHICLES AND MOTORCYCLES,NON-SPECIALISED WHOLESALE TRADE
CONK,ROCONKACNOR7,CONCAS SA BUZAU,713353,2.5,ATS,AERO,AERO STANDARD,TRADEABLE,CONCAS SA BUZAU,1153932,BUZAU,RO,4120,CONSTRUCTION,CONSTRUCTION OF RESIDENTIAL AND NON-RESIDENTIAL BUILDINGS
CORO,ROCOROACNOR0,CONSTRUCTII FEROVIARE SA GALATI,976134,2.5,ATS,AERO,AERO STANDARD,TRADEABLE,CONSTRUCTII FEROVIARE SA GALATI,1641933,GALATI,RO,4211,CONSTRUCTION,CONSTRUCTION OF ROADS AND RAILWAYS
COTM,ROCOTMACNOR0,COMAT GALATI SA,10882270,1.0,ATS,AERO,AERO STANDARD,TRADEABLE,COMAT SA GALATI,1633876,GALATI,RO,4676,WHOLESALE AND RETAIL TRADE; REPAIR OF MOTOR VEHICLES AND MOTORCYCLES,OTHER SPECIALISED WHOLESALE
COTN,ROCOTNACNOR8,COMREP SA Ploiesti,702105,2.5,ATS,AERO,AERO STANDARD,TRADEABLE,COMREP SA Ploiesti,1345008,PRAHOVA,RO,0910,MINING AND QUARRYING,SUPPORT ACTIVITIES FOR PETROLEUM AND NATURAL GAS EXTRACTION
COUT,ROCOUTACNOR3,COMTURIST SA Bucuresti,169180,2.5,ATS,AERO,AERO STANDARD,TRADEABLE,COMTURIST SA Bucuresti,1579530,BUCURESTI,RO,4711,WHOLESALE AND RETAIL TRADE; REPAIR OF MOTOR VEHICLES AND MOTORCYCLES,RETAIL SALE IN NON-SPECIALISED STORES
COVB,ROCOVBACNOR9,CONFECTII VASLUI SA Vaslui,69898725,0.1,ATS,AERO,AERO STANDARD,TRADEABLE,CONFECTII VASLUI SA VASLUI,826992,VASLUI,RO,1413,MANUFACTURING,"MANUFACTURE OF WEARING APPAREL, EXCEPT FUR APPAREL"
CPHA,ROCPHAACNOR7,CEPROHART SA BRAILA,278939,2.5,ATS,AERO,AERO STANDARD,TRADEABLE,CEPROHART SA BRAILA,2269251,BRAILA,RO,7219,"PROFESSIONAL, SCIENTIFIC AND TECHNICAL ACTIVITIES",RESEARCH AND EXPERIMENTAL DEVELOPMENT ON NATURAL SCIENCES AND ENGINEERING
CPLB,ROCPLBACNOR7,CONSTRUCTII COMPLEXE SA BUZAU,346631,2.5,ATS,AERO,AERO STANDARD,TRADEABLE,CONSTRUCTII COMPLEXE SA BUZAU,12714933,BUZAU,RO,4211,CONSTRUCTION,CONSTRUCTION OF ROADS AND RAILWAYS
CRMC,ROCRMCACNOR9,CARMECO SA CONSTANTA,71692993,0.1,ATS,AERO,AERO STANDARD,TRADEABLE,CARMECO SA CONSTANTA,1861319,CONSTANTA,RO,1011,MANUFACTURING,PROCESSING AND PRESERVING OF MEAT AND PRODUCTION OF MEAT PRODUCTS
CRPC,PLCRPCP00018,CARPATHIA CAPITAL ALTERNATYWNA SPOLKA INWESTYCYJNA SA,2902763,,ATS,AERO,AERO STANDARD,TRADEABLE,CARPATHIA CAPITAL ALTERNATYWNA SPOLKA INWESTYCYJNA SA,7811897074,-,PL,,,
CTUL,ROCTULACNOR9,COMCEREAL SA TULCEA,3271061,2.5,ATS,AERO,AERO STANDARD,TRADEABLE,COMCEREAL SA TULCEA,8392201,TULCEA,RO,5210,TRANSPORTATION AND STORAGE,WAREHOUSING AND STORAGE
DENT,ROWSA6535K63,Dr. Fischer Dental,11812272,0.2,ATS,AERO,AERO PREMIUM,TRADEABLE,Dr. Fischer Dental,32652380,BUCURESTI,RO,3250,MANUFACTURING,MANUFACTURE OF MEDICAL AND DENTAL INSTRUMENTS AND SUPPLIES
DIAS,RODIASACNOR7,DIASFIN SA BUCURESTI,227444,2.5,ATS,AERO,AERO STANDARD,TRADEABLE,DIASFIN SA BUCURESTI,132,BUCURESTI,RO,2561,MANUFACTURING,TREATMENT AND COATING OF METALS; MACHINING
DN,RO87WII43RS1,DN Agrar Group,159094224,0.2,ATS,AERO,AERO PREMIUM,TRADEABLE,DN Agrar Group,24020501,ALBA,RO,7022,"PROFESSIONAL, SCIENTIFIC AND TECHNICAL ACTIVITIES",MANAGEMENT CONSULTANCY ACTIVITIES
DOIS,RODOISACNOR8,DORNA TURISM SA VATRA DORNEI,1423717,2.5,ATS,AERO,AERO STANDARD,TRADEABLE,DORNA TURISM SA VATRA DORNEI,742395,SUCEAVA,RO,5510,ACCOMMODATION AND FOOD SERVICE ACTIVITIES,HOTELS AND SIMILAR ACCOMMODATION
DUPX,RODUPXACNOR0,DUPLEX SA FAGARAS,121978,2.5,ATS,AERO,AERO STANDARD,TRADEABLE,DUPLEX SA FAGARAS,1118838,BRASOV,RO,4120,CONSTRUCTION,CONSTRUCTION OF RESIDENTIAL AND NON-RESIDENTIAL BUILDINGS
EEAI,ROEEAIACNOR5,ELECTROCONSTRUCTIA ELCO ALBA IULIA SA,3378254,0.17,ATS,AERO,AERO STANDARD,TRADEABLE,ELECTROCONSTRUCTIA ELCO ALBA IULIA SA,3276087,ALBA,RO,4399,CONSTRUCTION,OTHER SPECIALISED CONSTRUCTION ACTIVITIES
ELCT,ROELCTACNOR3,EL-CO SA TARGU SECUIESC,670615,2.5,ATS,AERO,AERO STANDARD,TRADEABLE,EL-CO SA TARGU SECUIESC,557274,COVASNA,RO,2712,MANUFACTURING,"MANUFACTURE OF ELECTRIC MOTORS, GENERATORS, TRANSFORMERS AND ELECTRICITY DISTRIBUTION AND CONTROL APPARATUS"
ELEL,ROELELACNOR6,ELECTROCONSTRUCTIA ELCO SA SUCEAVA,2293800,0.5,ATS,AERO,AERO STANDARD,TRADEABLE,ELECTROCONSTRUCTIA ELCO SA SUCEAVA,2691247,SUCEAVA,RO,4399,CONSTRUCTION,OTHER SPECIALISED CONSTRUCTION ACTIVITIES
ELER,ROELERACNOR3,ELEROM SA ROMAN,261543,13.0,ATS,AERO,AERO STANDARD,TRADEABLE,ELEROM SA ROMAN,3426320,NEAMT,RO,2711,MANUFACTURING,"MANUFACTURE OF ELECTRIC MOTORS, GENERATORS, TRANSFORMERS AND ELECTRICITY DISTRIBUTION AND CONTROL APPARATUS"
ELJA,ROELJAACNOR8,ELECTROMONTAJ CARPATI SA Sibiu,328595,4.5,ATS,AERO,AERO STANDARD,TRADEABLE,ELECTROMONTAJ CARPATI SA Sibiu,790600,SIBIU,RO,4222,CONSTRUCTION,CONSTRUCTION OF UTILITY PROJECTS
ELRD,ROELRDACNOR5,ELECTRECORD SA BUCURESTI,680580,2.5,ATS,AERO,AERO STANDARD,TRADEABLE,ELECTRECORD SA BUCURESTI,458807,BUCURESTI,RO,1820,MANUFACTURING,REPRODUCTION OF RECORDED MEDIA
ELV,ROELVIACNOR6,ELVILA S.A. BUCURESTI,26579766,1.0,ATS,AERO,AERO PREMIUM,TRADEABLE,ELVILA S.A. BUCURESTI,11273421,BUCURESTI,RO,3109,MANUFACTURING,MANUFACTURE OF FURNITURE
ELZY,ROELZYACNOR4,ELECTROPRECIZIA SA Sacele,4995457,11.0,ATS,AERO,AERO PREMIUM,TRADEABLE,ELECTROPRECIZIA SA Sacele,1128645,BRASOV,RO,4619,WHOLESALE AND RETAIL TRADE; REPAIR OF MOTOR VEHICLES AND MOTORCYCLES,WHOLESALE ON A FEE OR CONTRACT BASIS
EMAI,ROEMAIACNOR8,EMAILUL SA MEDIAS,2522118,2.5,ATS,AERO,AERO STANDARD,TRADEABLE,EMAILUL SA MEDIAS,803115,SIBIU,RO,2599,MANUFACTURING,MANUFACTURE OF OTHER FABRICATED METAL PRODUCTS
EMTL,ROEMTLACNOR2,ELECTROMETAL SA TIMISOARA,616501,2.5,ATS,AERO,AERO STANDARD,TRADEABLE,ELECTROMETAL SA TIMISOARA,1830894,TIMIS,RO,6820,REAL ESTATE ACTIVITIES,RENTING AND OPERATING OF OWN OR LEASED REAL ESTATE
EPN,ROEMANACNOR8,EMA PIATRA NEAMT S.A.,7117950,0.1,ATS,AERO,AERO STANDARD,TRADEABLE,EMA PIATRA NEAMT S.A.,2048307,NEAMT,RO,1439,MANUFACTURING,MANUFACTURE OF KNITTED AND CROCHETED APPAREL
FACY,ROFACYACNOR3,FABRICA DE SCULE RASNOV SA,5650039,2.5,ATS,AERO,AERO STANDARD,TRADEABLE,FABRICA DE SCULE RASNOV SA,1121175,BRASOV,RO,2573,MANUFACTURING,"MANUFACTURE OF CUTLERY, TOOLS AND GENERAL HARDWARE"
FAMZ,ROFAMZACNOR9,FAM SA GALATI,463427,6.3,ATS,AERO,AERO STANDARD,TRADEABLE,FAM SA GALATI,1625555,GALATI,RO,2599,MANUFACTURING,MANUFACTURE OF OTHER FABRICATED METAL PRODUCTS
FEP,ROFEBVACNOR3,FEPER,363782186,0.1,ATS,AERO,AERO STANDARD,TRADEABLE,FEPER,752,BUCURESTI,RO,2620,MANUFACTURING,MANUFACTURE OF COMPUTERS AND PERIPHERAL EQUIPMENT
FERO,ROFEROACNOR4,IAMBA ARAD S.A. ARAD,33818014,0.1,ATS,AERO,AERO STANDARD,TRADEABLE,IAMBA ARAD S.A. ARAD,1709257,ARAD,RO,2572,MANUFACTURING,"MANUFACTURE OF CUTLERY, TOOLS AND GENERAL HARDWARE"
FIMA,ROFIMAACNOR5,FIMARO SA Cluj,814155,1.63,ATS,AERO,AERO STANDARD,TRADEABLE,FIMARO SA Cluj,199133,CLUJ,RO,2511,MANUFACTURING,MANUFACTURE OF STRUCTURAL METAL PRODUCTS
FLAO,ROFLAOACNOR5,FLAROS SA BUCURESTI,1473670,2.5,ATS,AERO,AERO STANDARD,TRADEABLE,FLAROS SA BUCURESTI,350944,BUCURESTI,RO,1520,MANUFACTURING,MANUFACTURE OF FOOTWEAR
FOJE,ROFOJEACNOR1,FORAJ SONDE SA VIDELE,11326626,2.5,ATS,AERO,AERO STANDARD,TRADEABLE,FORAJ SONDE SA VIDELE,1397872,TELEORMAN,RO,0910,MINING AND QUARRYING,SUPPORT ACTIVITIES FOR PETROLEUM AND NATURAL GAS EXTRACTION
FOSB,ROFORJACNOR3,FORAJ SONDE SA CRAIOVA,654671607,0.1,ATS,AERO,AERO STANDARD,TRADEABLE,FORAJ SONDE SA CRAIOVA,3730778,DOLJ,RO,0910,MINING AND QUARRYING,SUPPORT ACTIVITIES FOR PETROLEUM AND NATURAL GAS EXTRACTION
FOSP,ROFOSPACNOR8,FORAJ SONDE SA ERNEI,4381538,2.5,ATS,AERO,AERO STANDARD,TRADEABLE,FORAJ SONDE SA ERNEI,4727746,MURES,RO,0910,MINING AND QUARRYING,SUPPORT ACTIVITIES FOR PETROLEUM AND NATURAL GAS EXTRACTION
FRB,ROAYEN5H8FS2,FIREBYTE GAMES,44995162,0.1,ATS,AERO,AERO PREMIUM,TRADEABLE,FIREBYTE GAMES S.A.,38624397,CLUJ,RO,6201,INFORMATION AND COMMUNICATION,"COMPUTER PROGRAMMING, CONSULTANCY AND RELATED ACTIVITIES"
GALF,ROGALFACNOR1,GALFINBAND SA GALATI,1708847,0.1,ATS,AERO,AERO STANDARD,TRADEABLE,GALFINBAND SA GALATI,1633663,GALATI,RO,2432,MANUFACTURING,MANUFACTURE OF OTHER PRODUCTS OF FIRST PROCESSING OF STEEL
GAOY,ROGAOYACNOR6,GASTRONOM SA BUZAU,306528,2.5,ATS,AERO,AERO STANDARD,TRADEABLE,GASTRONOM SA BUZAU,1154474,BUZAU,RO,6820,REAL ESTATE ACTIVITIES,RENTING AND OPERATING OF OWN OR LEASED REAL ESTATE
GHIM,ROGHIMACNOR8,A.T.C. - AGRO TOTAL CONSTRUCT SA GHIMBAV,47597,12.82,ATS,AERO,AERO STANDARD,TRADEABLE,A.T.C. - AGRO TOTAL CONSTRUCT SA GHIMBAV,1133390,BRASOV,RO,0161,"AGRICULTURE, FORESTRY AND FISHING",SUPPORT ACTIVITIES TO AGRICULTURE AND POST-HARVEST CROP ACTIVITIES
GRIU,ROGRIUACNOR0,GRIUL SA BUCURESTI,39699575,0.1,ATS,AERO,AERO STANDARD,TRADEABLE,GRIUL SA BUCURESTI,426,BUCURESTI,RO,1071,MANUFACTURING,MANUFACTURE OF BAKERY AND FARINACEOUS PRODUCTS
GSH,ROVKFFMHGUW6,Grup Serban Holding,180089656,1.0,ATS,AERO,AERO PREMIUM,TRADEABLE,Grup Serban Holding,40006886,BACAU,RO,6420,FINANCIAL AND INSURANCE ACTIVITIES,ACTIVITIES OF HOLDING COMPANIES
HAI,RO5RYSUM9FJ2,Holde Agri Invest S.A. - Clasa A,121273584,1.0,ATS,AERO,AERO PREMIUM,TRADEABLE,HOLDE AGRI INVEST S.A.,39549730,BUCURESTI,RO,6420,FINANCIAL AND INSURANCE ACTIVITIES,ACTIVITIES OF HOLDING COMPANIES
HEAL,ROHEALACNOR2,HELIOS SA ASTILEU,1447266,2.5,ATS,AERO,AERO STANDARD,TRADEABLE,HELIOS SA ASTILEU,98716,BIHOR,RO,2320,MANUFACTURING,MANUFACTURE OF REFRACTORY PRODUCTS
HLEB,ROHLEBACNOR0,HERCULES SA BRAILA,847444,2.5,ATS,AERO,AERO STANDARD,TRADEABLE,HERCULES SA BRAILA,2265292,BRAILA,RO,5222,TRANSPORTATION AND STORAGE,SUPPORT ACTIVITIES FOR TRANSPORTATION
HUNT,RODHRTKI5XP6,IHUNT TECHNOLOGY IMPORT-EXPORT S.A.,75200000,0.1,ATS,AERO,AERO PREMIUM,TRADEABLE,IHUNT TECHNOLOGY IMPORT-EXPORT S.A.,34184455,PRAHOVA,RO,4791,WHOLESALE AND RETAIL TRADE; REPAIR OF MOTOR VEHICLES AND MOTORCYCLES,"RETAIL TRADE NOT IN STORES, STALLS OR MARKETS"
IAMU,ROIAMUACNOR4,IAMU SA BLAJ,9500149,2.5,ATS,AERO,AERO STANDARD,TRADEABLE,IAMU SA BLAJ,1766830,ALBA,RO,2841,MANUFACTURING,MANUFACTURE OF METAL FORMING MACHINERY AND MACHINE TOOLS
IANY,ROIANYACNOR4,24 IANUARIE SA PLOIESTI,488254,2.5,ATS,AERO,AERO STANDARD,TRADEABLE,24 IANUARIE SA PLOIESTI,1343490,PRAHOVA,RO,2891,MANUFACTURING,MANUFACTURE OF OTHER SPECIAL-PURPOSE MACHINERY
IASX,ROIASXACNOR5,IASITEX SA IASI,2105179,10.24,ATS,AERO,AERO STANDARD,TRADEABLE,IASITEX SA BUCURESTI,1957058,BUCURESTI,RO,1320,MANUFACTURING,WEAVING OF TEXTILES
ICEV,ROICEVACNOR5,INSTITUTUL DE CERCETARI PENTRU ACOPERIRI AVANSATE ICAA SA BUCURESTI,2174564,2.5,ATS,AERO,AERO STANDARD,TRADEABLE,INSTITUTUL DE CERCETARI PENTRU ACOPERIRI AVANSATE ICAA SA BUCURESTI,341644,BUCURESTI,RO,7219,"PROFESSIONAL, SCIENTIFIC AND TECHNICAL ACTIVITIES",RESEARCH AND EXPERIMENTAL DEVELOPMENT ON NATURAL SCIENCES AND ENGINEERING
ICMA,ROICMAACNOR2,ICMA SA BUCURESTI,1102150,2.5,ATS,AERO,AERO STANDARD,TRADEABLE,ICMA SA BUCURESTI,324929,BUCURESTI,RO,2521,MANUFACTURING,"MANUFACTURE OF TANKS, RESERVOIRS AND CONTAINERS OF METAL"
INCT,ROINCTACNOR0,INCERTRANS SA BUCURESTI,1188078,2.5,ATS,AERO,AERO STANDARD,TRADEABLE,INCERTRANS SA BUCURESTI,4282451,BUCURESTI,RO,7219,"PROFESSIONAL, SCIENTIFIC AND TECHNICAL ACTIVITIES",RESEARCH AND EXPERIMENTAL DEVELOPMENT ON NATURAL SCIENCES AND ENGINEERING
INMA,ROINMAACNOR9,INDUSTRIE MICA PRAHOVA SA,422089,2.5,ATS,AERO,AERO STANDARD,TRADEABLE,INDUSTRIE MICA SA PLOIESTI,1356635,PRAHOVA,RO,2599,MANUFACTURING,MANUFACTURE OF OTHER FABRICATED METAL PRODUCTS
INOX,ROINOXACNOR7,INOX SA MAGURELE,6408183,2.5,ATS,AERO,AERO STANDARD,TRADEABLE,INOX SA MAGURELE,409430,ILFOV,RO,2540,MANUFACTURING,MANUFACTURE OF WEAPONS AND AMMUNITION
INSI,ROINSIACNOR9,INDUSTRIA SARMEI CAMPIA TURZII SA,368424228,0.1,ATS,AERO,AERO STANDARD,TRADEABLE,INDUSTRIA SARMEI CAMPIA TURZII SA,199710,CLUJ,RO,2410,MANUFACTURING,MANUFACTURE OF BASIC IRON AND STEEL AND OF FERRO-ALLOYS
INTA,ROINTAACNOR4,INDEPENDENTA SA SIBIU,2871694,2.5,ATS,AERO,AERO STANDARD,TRADEABLE,INDEPENDENTA SA SIBIU,2577677,SIBIU,RO,2891,MANUFACTURING,MANUFACTURE OF OTHER SPECIAL-PURPOSE MACHINERY
IORB,ROIORBACNOR4,IOR SA BUCURESTI,552288710,0.1,ATS,AERO,AERO STANDARD,TRADEABLE,IOR SA BUCURESTI,340312,BUCURESTI,RO,2670,MANUFACTURING,MANUFACTURE OF OPTICAL INSTRUMENTS AND PHOTOGRAPHIC EQUIPMENT
IPHI,ROIPHIACNOR7,IPROCHIM SA Bucuresti,326559,2.5,ATS,AERO,AERO STANDARD,TRADEABLE,IPROCHIM SA Bucuresti,457747,BUCURESTI,RO,7112,"PROFESSIONAL, SCIENTIFIC AND TECHNICAL ACTIVITIES",ARCHITECTURAL AND ENGINEERING ACTIVITIES AND RELATED TECHNICAL CONSULTANCY
IPRO,ROIPROACNOR4,IPROLAM SA BUCURESTI,11156288,0.1,ATS,AERO,AERO STANDARD,TRADEABLE,IPROLAM SA BUCURESTI,329,BUCURESTI,RO,7219,"PROFESSIONAL, SCIENTIFIC AND TECHNICAL ACTIVITIES",RESEARCH AND EXPERIMENTAL DEVELOPMENT ON NATURAL SCIENCES AND ENGINEERING
IPRU,ROIPRUACNOR1,IPROEB SA Bistrita,125240737,0.3,ATS,AERO,AERO PREMIUM,TRADEABLE,IPROEB SA Bistrita,566930,BISTRITA-NASAUD,RO,2732,MANUFACTURING,MANUFACTURE OF WIRING AND WIRING DEVICES
IUBR,ROIUBRACNOR1,IUS SA BRASOV,45970045,0.1,ATS,AERO,AERO STANDARD,TRADEABLE,IUS SA BRASOV,1109309,BRASOV,RO,2573,MANUFACTURING,"MANUFACTURE OF CUTLERY, TOOLS AND GENERAL HARDWARE"
LCSI,ROLCSIACNOR6,LCS IMOBILIAR SA CLUJ NAPOCA,1030000,0.1,ATS,AERO,AERO STANDARD,TRADEABLE,LCS IMOBILIAR SA CLUJ NAPOCA,19143125,CLUJ,RO,4110,CONSTRUCTION,DEVELOPMENT OF BUILDING PROJECTS
LIH,ROLIHCACNOR9,LIFE IS HARD S.A.,29509206,0.5,ATS,AERO,AERO PREMIUM,TRADEABLE,LIFE IS HARD S.A.,16336490,CLUJ,RO,6201,INFORMATION AND COMMUNICATION,"COMPUTER PROGRAMMING, CONSULTANCY AND RELATED ACTIVITIES"
MACO,ROMACOACNOR0,MACOFIL SA TG. JIU,3613499,4.1,ATS,AERO,AERO STANDARD,TRADEABLE,MACOFIL SA TG. JIU,2157789,GORJ,RO,2332,MANUFACTURING,MANUFACTURE OF CLAY BUILDING MATERIALS
MALI,ROMALIACNOR3,COMALIM SA ARAD,1260182,2.5,ATS,AERO,AERO STANDARD,TRADEABLE,COMALIM SA ARAD,1681776,ARAD,RO,4632,WHOLESALE AND RETAIL TRADE; REPAIR OF MOTOR VEHICLES AND MOTORCYCLES,"WHOLESALE OF FOOD, BEVERAGES AND TOBACCO"
MAM,ROGH6Z6S8RD8,MAMBRICOLAJ S.A.,8465000,0.1,ATS,AERO,AERO PREMIUM,TRADEABLE,MAMBRICOLAJ S.A.,27933834,BUCURESTI,RO,4615,WHOLESALE AND RETAIL TRADE; REPAIR OF MOTOR VEHICLES AND MOTORCYCLES,WHOLESALE ON A FEE OR CONTRACT BASIS
MAMA,ROMAMAACNOR8,MAGAZIN UNIVERSAL MARAMURES SA BAIA MARE,153908692,0.1,ATS,AERO,AERO STANDARD,TRADEABLE,MAGAZIN UNIVERSAL MARAMURES SA BAIA MARE,6076555,MARAMURES,RO,4719,WHOLESALE AND RETAIL TRADE; REPAIR OF MOTOR VEHICLES AND MOTORCYCLES,RETAIL SALE IN NON-SPECIALISED STORES
MEBY,ROMEBYACNOR3,LUCEAFARUL SA BACAU,195308,2.5,ATS,AERO,AERO STANDARD,TRADEABLE,LUCEAFARUL SA BACAU,952656,BACAU,RO,4719,WHOLESALE AND RETAIL TRADE; REPAIR OF MOTOR VEHICLES AND MOTORCYCLES,RETAIL SALE IN NON-SPECIALISED STORES
MECA,ROMECAACNOR1,METALURGICA SA BUCURESTI,383208,2.5,ATS,AERO,AERO STANDARD,TRADEABLE,METALURGICA SA BUCURESTI,485,BUCURESTI,RO,2599,MANUFACTURING,MANUFACTURE OF OTHER FABRICATED METAL PRODUCTS
MECP,ROMECPACNOR9,MECON SA BRASOV,480004,11.6,ATS,AERO,AERO STANDARD,TRADEABLE,MECON SA BRASOV,1113237,BRASOV,RO,2511,MANUFACTURING,MANUFACTURE OF STRUCTURAL METAL PRODUCTS
MELE,ROMELEACNOR4,METAL LEMN SA CRAIOVA,908877,8.5,ATS,AERO,AERO STANDARD,TRADEABLE,METAL LEMN SA CRAIOVA,2319619,DOLJ,RO,3109,MANUFACTURING,MANUFACTURE OF FURNITURE
MEOR,ROMEORACNOR0,METALICA SA ORADEA,1932598,2.5,ATS,AERO,AERO STANDARD,TRADEABLE,METALICA SA ORADEA,51179,BIHOR,RO,2752,MANUFACTURING,MANUFACTURE OF DOMESTIC APPLIANCES
MEOY,ROMEOYACNOR6,MECANICA CODLEA SA,74200875,0.1,ATS,AERO,AERO STANDARD,TRADEABLE,MECANICA CODLEA SA,1122928,BRASOV,RO,2830,MANUFACTURING,MANUFACTURE OF AGRICULTURAL AND FORESTRY MACHINERY
MESA,ROMESAACNOR7,METALUL MESA SA SALONTA,5140777,0.1,ATS,AERO,AERO STANDARD,TRADEABLE,METALUL MESA SA SALONTA,94595,BIHOR,RO,2550,MANUFACTURING,"FORGING, PRESSING, STAMPING AND ROLL-FORMING OF METAL; POWDER METALLURGY"
MET,ROX9GQFJ81G8,META ESTATE TRUST,93491736,1.0,ATS,AERO,AERO PREMIUM,TRADEABLE,META ESTATE TRUST,43859039,BUCURESTI,RO,6420,FINANCIAL AND INSURANCE ACTIVITIES,ACTIVITIES OF HOLDING COMPANIES
METT,ROMETTACNOR5,METTEXIN SA MANGALIA,178621,2.5,ATS,AERO,AERO STANDARD,TRADEABLE,METTEXIN SA MANGALIA,1879766,CONSTANTA,RO,4751,WHOLESALE AND RETAIL TRADE; REPAIR OF MOTOR VEHICLES AND MOTORCYCLES,RETAIL SALE OF OTHER HOUSEHOLD EQUIPMENT IN SPECIALISED STORES
MIB,ROV1FB29MU02,Millenium Insurance Broker (MIB) Broker de Asigurare-Reasigurare,2085520,0.28,ATS,AERO,AERO PREMIUM,TRADEABLE,MILLENIUM INSURANCE BROKER (MIB) BROKER DE ASIGURARE - REASIGURARE S.A.,9557790,BUCURESTI,RO,6622,FINANCIAL AND INSURANCE ACTIVITIES,ACTIVITIES AUXILIARY TO INSURANCE AND PENSION FUNDING
MILK,RO0V4UCPBC71,AGROSERV MARIUTA,10386120,0.1,ATS,AERO,AERO PREMIUM,TRADEABLE,AGROSERV MARIUTA S.A.,6363609,IALOMITA,RO,0150,"AGRICULTURE, FORESTRY AND FISHING",MIXED FARMING
MINO,ROMINOACNOR0,MINDO SA DOROHOI,33254742,0.1,ATS,AERO,AERO STANDARD,TRADEABLE,MINDO SA DOROHOI,622003,BOTOSANI,RO,2364,MANUFACTURING,"MANUFACTURE OF ARTICLES OF CONCRETE, CEMENT AND PLASTER"
MINX,ROMINXACNOR1,MINEXFOR SA DEVA,646155,2.5,ATS,AERO,AERO STANDARD,TRADEABLE,MINEXFOR SA DEVA,2114206,HUNEDOARA,RO,1107,MANUFACTURING,MANUFACTURE OF BEVERAGES
MOBE,ROMOBEACNOR4,MOBEST SA BUCURESTI,17423315,0.1,ATS,AERO,AERO STANDARD,TRADEABLE,MOBEST SA BUCURESTI,345,BUCURESTI,RO,5210,TRANSPORTATION AND STORAGE,WAREHOUSING AND STORAGE
MOBG,ROMOBGACNOR9,MOBEX SA TG.MURES,2458298,2.5,ATS,AERO,AERO STANDARD,TRADEABLE,MOBEX SA TG.MURES,1222544,MURES,RO,3109,MANUFACTURING,MANUFACTURE OF FURNITURE
MOBT,ROMOBTACNOR2,MOBILA SA RADAUTI,5374917,2.5,ATS,AERO,AERO STANDARD,TRADEABLE,MOBILA SA RADAUTI,739926,SUCEAVA,RO,3109,MANUFACTURING,MANUFACTURE OF FURNITURE
MODY,ROMODYACNOR8,MOLDOVA SA VASLUI,5292950,0.1,ATS,AERO,AERO STANDARD,TRADEABLE,MOLDOVA SA VASLUI,824550,VASLUI,RO,4711,WHOLESALE AND RETAIL TRADE; REPAIR OF MOTOR VEHICLES AND MOTORCYCLES,RETAIL SALE IN NON-SPECIALISED STORES
MOIB,ROMOIBACNOR5,MOARA CIBIN SA SIBIU,119450591,0.1,ATS,AERO,AERO STANDARD,TRADEABLE,MOARA CIBIN SA SIBIU,785205,SIBIU,RO,1061,MANUFACTURING,"MANUFACTURE OF GRAIN MILL PRODUCTS, STARCHES AND STARCH PRODUCTS"
MORA,ROMORAACNOR8,MORARIT PANIFICATIE SA ROMAN,4560602,0.1,ATS,AERO,AERO STANDARD,TRADEABLE,MORARIT PANIFICATIE SA ROMAN,2053818,NEAMT,RO,1061,MANUFACTURING,"MANUFACTURE OF GRAIN MILL PRODUCTS, STARCHES AND STARCH PRODUCTS"
MRDO,ROMRDOACNOR2,MERCUR SA CRAIOVA,7260260,2.5,ATS,AERO,AERO STANDARD,TRADEABLE,MERCUR SA CRAIOVA,2297960,DOLJ,RO,4719,WHOLESALE AND RETAIL TRADE; REPAIR OF MOTOR VEHICLES AND MOTORCYCLES,RETAIL SALE IN NON-SPECIALISED STORES
NAXY,RONAXYACNOR3,NAVEXIM SA GALATI,393100,0.23,ATS,AERO,AERO STANDARD,TRADEABLE,NAVEXIM SA GALATI,1628640,GALATI,RO,4614,WHOLESALE AND RETAIL TRADE; REPAIR OF MOTOR VEHICLES AND MOTORCYCLES,WHOLESALE ON A FEE OR CONTRACT BASIS
NCHI,RONCHIACNOR5,SCALA DEVELOPMENT S.A. CLUJ-NAPOCA,85801140,0.1,ATS,AERO,AERO STANDARD,TRADEABLE,SCALA DEVELOPMENT S.A. CLUJ-NAPOCA,34312520,CLUJ,RO,4110,CONSTRUCTION,DEVELOPMENT OF BUILDING PROJECTS
NEOL,RONEOLACNOR1,NEPTUN OLIMP SA NEPTUN,73315286,0.1,ATS,AERO,AERO STANDARD,TRADEABLE,NEPTUN OLIMP SA NEPTUN,2423562,CONSTANTA,RO,5510,ACCOMMODATION AND FOOD SERVICE ACTIVITIES,HOTELS AND SIMILAR ACCOMMODATION
NORD,RONORDACNOR0,NORD SA BUCURESTI,9153266,2.5,ATS,AERO,AERO STANDARD,TRADEABLE,NORD SA BUCURESTI,1558154,BUCURESTI,RO,5510,ACCOMMODATION AND FOOD SERVICE ACTIVITIES,HOTELS AND SIMILAR ACCOMMODATION
NRF,ROHQGW108MX2,NOROFERT S.A.,17381215,0.4,ATS,AERO,AERO PREMIUM,TRADEABLE,NOROFERT,12972762,BUCURESTI,RO,4675,WHOLESALE AND RETAIL TRADE; REPAIR OF MOTOR VEHICLES AND MOTORCYCLES,OTHER SPECIALISED WHOLESALE
NTEX,RONTEXACNOR5,SIFI CJ STORAGE SA,445152,2.5,ATS,AERO,AERO STANDARD,TRADEABLE,SIFI CJ STORAGE SA,201896,BUCURESTI,RO,6820,REAL ESTATE ACTIVITIES,RENTING AND OPERATING OF OWN OR LEASED REAL ESTATE
NUIA,RONUIAACNOR2,ABO MIX SA,1111519,3.53,ATS,AERO,AERO STANDARD,TRADEABLE,ABO MIX SA,646126,SATU-MARE,RO,0146,"AGRICULTURE, FORESTRY AND FISHING",ANIMAL PRODUCTION
OMAL,ROOMALACNOR1,COMALIMENT RESITA SA,5889925,0.1,ATS,AERO,AERO STANDARD,TRADEABLE,COMALIMENT SA RESITA,1056760,CARAS-SEVERIN,RO,4711,WHOLESALE AND RETAIL TRADE; REPAIR OF MOTOR VEHICLES AND MOTORCYCLES,RETAIL SALE IN NON-SPECIALISED STORES
OMSE,ROOMSEACNOR8,COMAT CARAS SEVERIN SA RESITA,121947,2.5,ATS,AERO,AERO STANDARD,TRADEABLE,COMAT CARAS SEVERIN SA RESITA,1060620,CARAS-SEVERIN,RO,4672,WHOLESALE AND RETAIL TRADE; REPAIR OF MOTOR VEHICLES AND MOTORCYCLES,OTHER SPECIALISED WHOLESALE
ORAS,ROORASACNOR5,ORGANE DE ASAMBLARE SA BRASOV,13568408,0.1,ATS,AERO,AERO STANDARD,TRADEABLE,ORGANE DE ASAMBLARE SA BRASOV,1112290,BRASOV,RO,2594,MANUFACTURING,MANUFACTURE OF OTHER FABRICATED METAL PRODUCTS
PACY,ROPACYACNOR2,PALACE SA SINAIA,37800947,0.1,ATS,AERO,AERO STANDARD,TRADEABLE,PALACE SA SINAIA,1332822,PRAHOVA,RO,5510,ACCOMMODATION AND FOOD SERVICE ACTIVITIES,HOTELS AND SIMILAR ACCOMMODATION
PCTM,ROPCTMACNOR7,PRIMA CONSTRUCT SA TIMISOARA,577727,2.5,ATS,AERO,AERO STANDARD,TRADEABLE,PRIMACONSTRUCT SA TIMISOARA,1812987,TIMIS,RO,4120,CONSTRUCTION,CONSTRUCTION OF RESIDENTIAL AND NON-RESIDENTIAL BUILDINGS
PETY,ROPETYACNOR8,PETAL SA HUSI,1188730,2.5,ATS,AERO,AERO BASE,TRADEABLE,PETAL SA HUSI (fost ROBINETE INDUSTRIALE - UTILAJ PETROLIER),841186,VASLUI,RO,2892,MANUFACTURING,MANUFACTURE OF OTHER SPECIAL-PURPOSE MACHINERY
POTI,ROPOTIACNOR0,POTIS CAPITAL SA CLUJ-NAPOCA,1030000,0.1,ATS,AERO,AERO STANDARD,TRADEABLE,POTIS CAPITAL SA CLUJ-NAPOCA,26195097,CLUJ,RO,7022,"PROFESSIONAL, SCIENTIFIC AND TECHNICAL ACTIVITIES",MANAGEMENT CONSULTANCY ACTIVITIES
PPLI,ROPPLIACNOR4,PROFFESSIONAL IMO PARTNERS S.A.,77363547,1.0,ATS,AERO,AERO STANDARD,TRADEABLE,PROFESSIONAL IMO PARTNERS S.A.,24599480,BUCURESTI,RO,4110,CONSTRUCTION,DEVELOPMENT OF BUILDING PROJECTS
PRAE,ROPRAEACNOR2,PRODLACTA SA Brasov,60272520,1.1,ATS,AERO,AERO STANDARD,TRADEABLE,PRODLACTA SA Brasov,1112568,BRASOV,RO,1051,MANUFACTURING,MANUFACTURE OF DAIRY PRODUCTS
PRBU,ROPRBUACNOR6,PRACTIC SA Bucuresti,593959,69.0,ATS,AERO,AERO STANDARD,TRADEABLE,PRACTIC SA Bucuresti,2774512,BUCURESTI,RO,6820,REAL ESTATE ACTIVITIES,RENTING AND OPERATING OF OWN OR LEASED REAL ESTATE
PRDI,ROPRDIACNOR7,PRODHART SA IASI,21055160,0.1,ATS,AERO,AERO STANDARD,TRADEABLE,PRODHART SA IASI,5828528,IASI,RO,6820,REAL ESTATE ACTIVITIES,RENTING AND OPERATING OF OWN OR LEASED REAL ESTATE
PRIB,ROPRIBACNOR1,PRIMCOM SA BUCURESTI,1224306,0.1,ATS,AERO,AERO STANDARD,TRADEABLE,PRIMCOM SA BUCURESTI,1584200,BUCURESTI,RO,6820,REAL ESTATE ACTIVITIES,RENTING AND OPERATING OF OWN OR LEASED REAL ESTATE
PRSN,ROPRSNACNOR5,PROSPECTIUNI SA BUCURESTI,718048725,0.1,ATS,AERO,AERO STANDARD,TRADEABLE,PROSPECTIUNI SA BUCURESTI,1552801,BUCURESTI,RO,7112,"PROFESSIONAL, SCIENTIFIC AND TECHNICAL ACTIVITIES",ARCHITECTURAL AND ENGINEERING ACTIVITIES AND RELATED TECHNICAL CONSULTANCY
PTRC,ROPTRCACNOR6,PETROCART SA PIATRA NEAMT,39275892,0.5,ATS,AERO,AERO STANDARD,TRADEABLE,PETROCART SA PIATRA NEAMT,2046136,NEAMT,RO,1712,MANUFACTURING,"MANUFACTURE OF PULP, PAPER AND PAPERBOARD"
PVBS,ROPVBSACNOR2,PERSEUS FINTECH SA,3078084,0.1,ATS,AERO,AERO STANDARD,TRADEABLE,PERSEUS FINTECH S.A. BUCURESTI,23126076,BUCURESTI,RO,7022,"PROFESSIONAL, SCIENTIFIC AND TECHNICAL ACTIVITIES",MANAGEMENT CONSULTANCY ACTIVITIES
RANT,RORANTACNOR5,GRANITUL SA BUCURESTI,2244769,5.46,ATS,AERO,AERO STANDARD,TRADEABLE,GRANITUL SA BUCURESTI,736,BUCURESTI,RO,6820,REAL ESTATE ACTIVITIES,RENTING AND OPERATING OF OWN OR LEASED REAL ESTATE
RCHI,ROCHIOACNOR3,GRAND HOTEL BUCHAREST S.A.,833543100,0.1,ATS,AERO,AERO PREMIUM,TRADEABLE,GRAND HOTEL BUCHAREST S.A.,9019856,Bucuresti,RO,5510,ACCOMMODATION AND FOOD SERVICE ACTIVITIES,HOTELS AND SIMILAR ACCOMMODATION
REFE,ROREFEACNOR5,REMARUL 16 FEBRUARIE SA CLUJ NAPOCA,2045203,2.5,ATS,AERO,AERO STANDARD,TRADEABLE,REMARUL 16 FEBRUARIE SA CLUJ NAPOCA,201373,CLUJ,RO,3020,MANUFACTURING,MANUFACTURE OF RAILWAY LOCOMOTIVES AND ROLLING STOCK
REIT,RON95JJEDCB1,Star Residence Invest,76556472,0.2,ATS,AERO,AERO PREMIUM,TRADEABLE,STAR RESIDENCE INVEST S.A.,43151040,BUCURESTI,RO,6820,REAL ESTATE ACTIVITIES,RENTING AND OPERATING OF OWN OR LEASED REAL ESTATE
RELE,RORELEACNOR3,RELEE SA MEDIAS,541503,2.5,ATS,AERO,AERO STANDARD,TRADEABLE,RELEE SA MEDIAS,807150,SIBIU,RO,2712,MANUFACTURING,"MANUFACTURE OF ELECTRIC MOTORS, GENERATORS, TRANSFORMERS AND ELECTRICITY DISTRIBUTION AND CONTROL APPARATUS"
REMM,ROREMMACNOR4,REMAT MARAMURES SA BAIA MARE,307072,3.73,ATS,AERO,AERO STANDARD,TRADEABLE,REMAT MARAMURES SA BAIA MARE,2204775,MARAMURES,RO,3832,"WATER SUPPLY; SEWERAGE, WASTE MANAGEMENT AND REMEDIATION ACTIVITIES",MATERIALS RECOVERY
RETZ,RORETZACNOR1,RETEZAT SA SIBIU,1357823,2.5,ATS,AERO,AERO STANDARD,TRADEABLE,RETEZAT SA SIBIU,787311,SIBIU,RO,2830,MANUFACTURING,MANUFACTURE OF AGRICULTURAL AND FORESTRY MACHINERY
REVA,ROREVAACNOR0,REVA SA SIMERIA,1492185,2.5,ATS,AERO,AERO STANDARD,TRADEABLE,REVA SA SIMERIA,2150217,HUNEDOARA,RO,3020,MANUFACTURING,MANUFACTURE OF RAILWAY LOCOMOTIVES AND ROLLING STOCK
ROOF,ROROOFACNOR3,ROMANOFIR SA TALMACIU,504636,2.5,ATS,AERO,AERO STANDARD,TRADEABLE,ROMANOFIR SA TALMACIU,816263,SIBIU,RO,1310,MANUFACTURING,PREPARATION AND SPINNING OF TEXTILE FIBRES
RRD,RORRDBACNOR8,ROMRADIATOARE S.A.,15000000,1.63,ATS,AERO,AERO STANDARD,TRADEABLE,ROMRADIATOARE S.A.,1108834,BRASOV,RO,2932,MANUFACTURING,MANUFACTURE OF PARTS AND ACCESSORIES FOR MOTOR VEHICLES
SATU,ROSATUACNOR8,SATURN SA ALBA IULIA,1978081,2.5,ATS,AERO,AERO STANDARD,TRADEABLE,SATURN SA ALBA IULIA,1750957,ALBA,RO,2451,MANUFACTURING,CASTING OF METALS
SCBC,ROSCBCACNOR0,SCUT SA BACAU,221013,2.5,ATS,AERO,AERO STANDARD,TRADEABLE,SCUT SA BACAU,955342,BACAU,RO,4399,CONSTRUCTION,OTHER SPECIALISED CONSTRUCTION ACTIVITIES
SCDM,ROSCDMACNOR5,UNIREA SHOPPING CENTER SA Bucuresti,2718390,2.5,ATS,AERO,AERO STANDARD,TRADEABLE,UNIREA SHOPPING CENTER SA Bucuresti,328521,BUCURESTI,RO,6820,REAL ESTATE ACTIVITIES,RENTING AND OPERATING OF OWN OR LEASED REAL ESTATE
SEBZ,ROSEBZACNOR7,SEMBRAZ SA SIBIU,791377,2.0,ATS,AERO,AERO STANDARD,TRADEABLE,SEMBRAZ SA SIBIU,790619,SIBIU,RO,2830,MANUFACTURING,MANUFACTURE OF AGRICULTURAL AND FORESTRY MACHINERY
SECE,ROSECEACNOR0,SERVICE NEPTUN 2002 SA NEPTUN,9111701,0.1,ATS,AERO,AERO STANDARD,TRADEABLE,SERVICE NEPTUN 2002 SA NEPTUN,14686600,CONSTANTA,RO,9601,OTHER SERVICE ACTIVITIES,OTHER PERSONAL SERVICE ACTIVITIES
SEOL,ROSEOLACNOR0,SEMROM OLTENIA SA CRAIOVA,11138825,0.1,ATS,AERO,AERO STANDARD,TRADEABLE,SEMROM OLTENIA SA CRAIOVA,10610146,DOLJ,RO,0111,"AGRICULTURE, FORESTRY AND FISHING",GROWING OF NON-PERENNIAL CROPS
SEOM,ROSEOMACNOR8,GERMINA AGRIBUSINESS SA BUCURESTI,13509092,0.1,ATS,AERO,AERO STANDARD,TRADEABLE,GERMINA AGRIBUSINESS S.A.,351290,BUCURESTI,RO,4621,WHOLESALE AND RETAIL TRADE; REPAIR OF MOTOR VEHICLES AND MOTORCYCLES,WHOLESALE OF AGRICULTURAL RAW MATERIALS AND LIVE ANIMALS
SERC,ROSERCACNOR2,SERICO SA BUCURESTI,38611403,0.1,ATS,AERO,AERO STANDARD,TRADEABLE,SERICO SA BUCURESTI,906,BUCURESTI,RO,6820,REAL ESTATE ACTIVITIES,RENTING AND OPERATING OF OWN OR LEASED REAL ESTATE
SEVE,ROSEVEACNOR0,SEVERNAV SA DR. TR. SEVERIN,8968408,2.5,ATS,AERO,AERO STANDARD,TRADEABLE,SEVERNAV SA DR. TR. SEVERIN,1606030,MEHEDINTI,RO,3011,MANUFACTURING,BUILDING OF SHIPS AND BOATS
SIDG,ROSIDGACNOR4,ARCELORMITTAL HUNEDOARA SA,198566228,0.1,ATS,AERO,AERO STANDARD,TRADEABLE,ARCELORMITTAL HUNEDOARA SA,2126855,HUNEDOARA,RO,2410,MANUFACTURING,MANUFACTURE OF BASIC IRON AND STEEL AND OF FERRO-ALLOYS
SIEP,ROSIEPACNOR3,SINTER REF SA AZUGA,4074286,2.5,ATS,AERO,AERO STANDARD,TRADEABLE,SINTER REF SA AZUGA,1315333,PRAHOVA,RO,2320,MANUFACTURING,MANUFACTURE OF REFRACTORY PRODUCTS
SIFI,CY0104062217,SIF Imobiliare PLC,4499974,,ATS,AERO,AERO STANDARD,TRADEABLE,SIF Imobiliare PLC,HE 323682,-,CY,,,
SIGS,ROSIGSACNOR2,SIGSTRAT SA SIGHETU MARMATIEI,23250770,0.1,ATS,AERO,AERO STANDARD,TRADEABLE,SIGSTRAT SA SIGHETU MARMATIEI,2954386,MARAMURES,RO,1621,MANUFACTURING,"MANUFACTURE OF PRODUCTS OF WOOD, CORK, STRAW AND PLAITING MATERIALS"
SINA,ROSINAACNOR6,SINATEX SA BUCURESTI,504283,2.5,ATS,AERO,AERO STANDARD,TRADEABLE,SINATEX SA BUCURESTI,574,BUCURESTI,RO,1320,MANUFACTURING,WEAVING OF TEXTILES
SINT,ROSINTACNOR6,SINTOFARM SA BUCURESTI,3860764,2.5,ATS,AERO,AERO STANDARD,TRADEABLE,SINTOFARM SA BUCURESTI,647,BUCURESTI,RO,2120,MANUFACTURING,MANUFACTURE OF PHARMACEUTICAL PREPARATIONS
SIRJ,ROSIRJACNOR8,SIRAJ AD IMPEX SA IASI,58230590,0.1,ATS,AERO,AERO STANDARD,TRADEABLE,SIRAJ AD IMPEX SA IASI,6307269,IASI,RO,1091,MANUFACTURING,MANUFACTURE OF PREPARED ANIMAL FEEDS
SIRM,ROSIRMACNOR2,SINTEROM SA Cluj,6709612,2.5,ATS,AERO,AERO STANDARD,TRADEABLE,SINTEROM SA Cluj,202123,CLUJ,RO,2550,MANUFACTURING,"FORGING, PRESSING, STAMPING AND ROLL-FORMING OF METAL; POWDER METALLURGY"
SLBB,ROSLBBACNOR3,SUPORT LOGISTIC BUCURESTI SA,88795,2.5,ATS,AERO,AERO STANDARD,TRADEABLE,SUPORT LOGISTIC BUCURESTI SA,4019375,BUCURESTI,RO,8010,ADMINISTRATIVE AND SUPPORT SERVICE ACTIVITIES,PRIVATE SECURITY ACTIVITIES
SMTL,RONLG8JKKYH3,SIMTEL TEAM,7887873,0.2,ATS,AERO,AERO PREMIUM,TRADEABLE,SIMTEL TEAM,26414626,BUCURESTI,RO,3320,MANUFACTURING,INSTALLATION OF INDUSTRIAL MACHINERY AND EQUIPMENT
SNC,ROSANTACNOR3,SANTIERUL NAVAL CONSTANTA S.A.,64997704,2.5,ATS,AERO,AERO STANDARD,TRADEABLE,SANTIERUL NAVAL CONSTANTA S.A.,1879871,CONSTANTA,RO,3011,MANUFACTURING,BUILDING OF SHIPS AND BOATS
SOMR,ROSOMRACNOR0,SOMETRA SA COPSA MICA,3476158,2.5,ATS,AERO,AERO STANDARD,TRADEABLE,SOMETRA SA COPSA MICA,813526,SIBIU,RO,2443,MANUFACTURING,MANUFACTURE OF BASIC PRECIOUS AND OTHER NON-FERROUS METALS
SOPL,ROSOPLACNOR6,SOMPLAST SA NASAUD,3255326,1.1,ATS,AERO,AERO STANDARD,TRADEABLE,SOMPLAST SA NASAUD,575688,BISTRITA-NASAUD,RO,2221,MANUFACTURING,MANUFACTURE OF PLASTICS PRODUCTS
SOTA,ROSOTAACNOR1,SOMETA SA TASNAD,3592492,0.1,ATS,AERO,AERO STANDARD,TRADEABLE,SOMETA SA TASNAD,643898,SATU-MARE,RO,2529,MANUFACTURING,"MANUFACTURE OF TANKS, RESERVOIRS AND CONTAINERS OF METAL"
SPTU,ROSPTUACNOR6,SPIT BUCOVINA SA SUCEAVA,5945907,1.0,ATS,AERO,AERO STANDARD,TRADEABLE,S.P.I.T. BUCOVINA SA SUCEAVA,728129,SUCEAVA,RO,2932,MANUFACTURING,MANUFACTURE OF PARTS AND ACCESSORIES FOR MOTOR VEHICLES
SPX,ROKK42RQ8EU3,SIPEX COMPANY,399893481,0.1,ATS,AERO,AERO PREMIUM,TRADEABLE,SIPEX COMPANY,9813422,PRAHOVA,RO,4673,WHOLESALE AND RETAIL TRADE; REPAIR OF MOTOR VEHICLES AND MOTORCYCLES,OTHER SPECIALISED WHOLESALE
STKP,ROSDB8LKFR41,STK PROPERTIES S.A.,9313800,1.0,ATS,AERO,AERO PREMIUM,TRADEABLE,STK PROPERTIES S.A.,22570355,Cluj,RO,4110,CONSTRUCTION,DEVELOPMENT OF BUILDING PROJECTS
STNM,ROSTNMACNOR8,SANTIERUL NAVAL 2 MAI SA MANGALIA,6672645,2.5,ATS,AERO,AERO STANDARD,TRADEABLE,SANTIERUL NAVAL 2 MAI SA MANGALIA,2413593,CONSTANTA,RO,8299,ADMINISTRATIVE AND SUPPORT SERVICE ACTIVITIES,BUSINESS SUPPORT SERVICE ACTIVITIES N.E.C.
STOF,ROSTOFACNOR0,STOFE SA BUHUSI,1985873,2.5,ATS,AERO,AERO STANDARD,TRADEABLE,STOFE SA BUHUSI,962838,BACAU,RO,1320,MANUFACTURING,WEAVING OF TEXTILES
STOZ,ROSTOZACNOR8,STICLOVAL SA VALENII DE MUNTE,2531891,2.5,ATS,AERO,AERO STANDARD,TRADEABLE,STICLOVAL SA VALENII DE MUNTE,1336115,PRAHOVA,RO,0899,MINING AND QUARRYING,MINING AND QUARRYING N.E.C.
TRGI,ROTRGIACNOR2,TRANSPORTURI AUTO GIULESTI SA BUCURESTI,2297320,2.5,ATS,AERO,AERO STANDARD,TRADEABLE,TRANSPORTURI AUTO GIULESTI SA BUCURESTI,455673,BUCURESTI,RO,4941,TRANSPORTATION AND STORAGE,FREIGHT TRANSPORT BY ROAD AND REMOVAL SERVICES
TRNG,ROTRNGACNOR2,TRANSGEX SA ORADEA,5324562,2.5,ATS,AERO,AERO STANDARD,TRADEABLE,TRANSGEX SA ORADEA,202255,BIHOR,RO,7112,"PROFESSIONAL, SCIENTIFIC AND TECHNICAL ACTIVITIES",ARCHITECTURAL AND ENGINEERING ACTIVITIES AND RELATED TECHNICAL CONSULTANCY
TRSB,ROTRSBACNOR2,TRANSCOM SA SIBIU,113879432,0.1,ATS,AERO,AERO STANDARD,TRADEABLE,TRANSCOM SA SIBIU,2469306,SIBIU,RO,4520,WHOLESALE AND RETAIL TRADE; REPAIR OF MOTOR VEHICLES AND MOTORCYCLES,MAINTENANCE AND REPAIR OF MOTOR VEHICLES
TRSK,ROTRSKACNOR3,TRANSILANA SA GHIMBAV,48755128,0.1,ATS,AERO,AERO STANDARD,TRADEABLE,TRANSILANA SA GHIMBAV,1132417,BRASOV,RO,1310,MANUFACTURING,PREPARATION AND SPINNING OF TEXTILE FIBRES
TRVC,ROTRVCACNOR4,TRANSILVANIA-COM SA MEDIAS,193087,2.5,ATS,AERO,AERO STANDARD,TRADEABLE,TRANSILVANIA-COM SA MEDIAS,804161,SIBIU,RO,6820,REAL ESTATE ACTIVITIES,RENTING AND OPERATING OF OWN OR LEASED REAL ESTATE
TRVM,ROTRVMACNOR3,TRANSCOM SA BUCURESTI,40149028,0.1,ATS,AERO,AERO STANDARD,TRADEABLE,TRANSCOM SA BUCURESTI,1574478,BUCURESTI,RO,4941,TRANSPORTATION AND STORAGE,FREIGHT TRANSPORT BY ROAD AND REMOVAL SERVICES
TSLA,ROTSLAACNOR7,TRANSILVANIA LEASING SI CREDIT IFN SA BRASOV,514724667,0.1,ATS,AERO,AERO PREMIUM,TRADEABLE,TRANSILVANIA LEASING SI CREDIT IFN SA BRASOV,9845734,BRASOV,RO,6491,FINANCIAL AND INSURANCE ACTIVITIES,"OTHER FINANCIAL SERVICE ACTIVITIES, EXCEPT INSURANCE AND PENSION FUNDING"
TSND,ROTSNDACNOR7,TUSNAD SA BAILE TUSNAD,301802818,0.1,ATS,AERO,AERO STANDARD,TRADEABLE,TUSNAD SA BAILE TUSNAD,4241753,HARGHITA,RO,5510,ACCOMMODATION AND FOOD SERVICE ACTIVITIES,HOTELS AND SIMILAR ACCOMMODATION
TUAA,ROTUAAACNOR6,TURISM COVASNA SA COVASNA,473154433,0.1,ATS,AERO,AERO STANDARD,TRADEABLE,TURISM COVASNA SA COVASNA,559747,COVASNA,RO,5510,ACCOMMODATION AND FOOD SERVICE ACTIVITIES,HOTELS AND SIMILAR ACCOMMODATION
UARG,ROUARGACNOR7,ARGUS SA Constanta,35780466,1.5,ATS,AERO,AERO PREMIUM,TRADEABLE,ARGUS SA Constanta,1872644,CONSTANTA,RO,1041,MANUFACTURING,MANUFACTURE OF VEGETABLE AND ANIMAL OILS AND FATS
UCET,ROUCETACNOR4,CLABUCET ESTIVAL 2002 SA NEPTUN,2813310,0.1,ATS,AERO,AERO STANDARD,TRADEABLE,CLABUCET ESTIVAL 2002 SA NEPTUN,14686562,CONSTANTA,RO,5510,ACCOMMODATION AND FOOD SERVICE ACTIVITIES,HOTELS AND SIMILAR ACCOMMODATION
UNIR,ROUNIRACNOR6,UNIREA SA CLUJ NAPOCA,4045070,2.5,ATS,AERO,AERO STANDARD,TRADEABLE,UNIREA SA CLUJ NAPOCA,199940,CLUJ,RO,2841,MANUFACTURING,MANUFACTURE OF METAL FORMING MACHINERY AND MACHINE TOOLS
UNISEM,ROUNIEACNOR4,UNISEM SA BUCURESTI,78926129,0.1,ATS,AERO,AERO STANDARD,TRADEABLE,UNISEM SA BUCURESTI,302,BUCURESTI,RO,4621,WHOLESALE AND RETAIL TRADE; REPAIR OF MOTOR VEHICLES AND MOTORCYCLES,WHOLESALE OF AGRICULTURAL RAW MATERIALS AND LIVE ANIMALS
UNVR,ROUNVRACNOR9,UNIVERS SA Rm. Valcea,796642,2.5,ATS,AERO,AERO STANDARD,TRADEABLE,UNIVERS SA Rm. Valcea,1469006,VALCEA,RO,4711,WHOLESALE AND RETAIL TRADE; REPAIR OF MOTOR VEHICLES AND MOTORCYCLES,RETAIL SALE IN NON-SPECIALISED STORES
UPET,ROUPETACNOR6,UPET SA TARGOVISTE,11948356,2.5,ATS,AERO,AERO STANDARD,TRADEABLE,UPET SA TARGOVISTE,908332,DAMBOVITA,RO,2892,MANUFACTURING,MANUFACTURE OF OTHER SPECIAL-PURPOSE MACHINERY
UPRR,ROUPRRACNOR2,UPRUC CTR SA FAGARAS,1326626,2.5,ATS,AERO,AERO STANDARD,TRADEABLE,UPRUC CTR SA FAGARAS,12527609,BRASOV,RO,2420,MANUFACTURING,"MANUFACTURE OF TUBES, PIPES, HOLLOW PROFILES AND RELATED FITTINGS, OF STEEL"
URBA,ROURBAACNOR8,URBANA SA BISTRITA,79648,9.2,ATS,AERO,AERO STANDARD,TRADEABLE,URBANA SA BISTRITA,563934,BISTRITA-NASAUD,RO,3811,"WATER SUPPLY; SEWERAGE, WASTE MANAGEMENT AND REMEDIATION ACTIVITIES",WASTE COLLECTION
URCB,ROURCBACNOR4,URC SA VASCAU,1635300,0.1,ATS,AERO,AERO STANDARD,TRADEABLE,URC SA VASCAU,2400615,BIHOR,RO,2511,MANUFACTURING,MANUFACTURE OF STRUCTURAL METAL PRODUCTS
UTGR,ROUTGRACNOR7,UTILAJ GREU SA MURFATLAR,676587,2.5,ATS,AERO,AERO STANDARD,TRADEABLE,UTILAJ GREU SA MURFATLAR,2410198,CONSTANTA,RO,6820,REAL ESTATE ACTIVITIES,RENTING AND OPERATING OF OWN OR LEASED REAL ESTATE
UZC,ROUZUCACNOR7,UZUC S.A.,4752105,2.5,ATS,AERO,AERO STANDARD,TRADEABLE,UZUC S.A.,1343554,PRAHOVA,RO,2899,MANUFACTURING,MANUFACTURE OF OTHER SPECIAL-PURPOSE MACHINERY
UZIN,ROUZINACNOR9,UZINEXPORT SA BUCURESTI,14693750,0.1,ATS,AERO,AERO STANDARD,TRADEABLE,UZINEXPORT SA BUCURESTI,324821,BUCURESTI,RO,4619,WHOLESALE AND RETAIL TRADE; REPAIR OF MOTOR VEHICLES AND MOTORCYCLES,WHOLESALE ON A FEE OR CONTRACT BASIS
VAC,ROPROCACNOR7,PRODVINALCO S.A.,31495034,0.1,ATS,AERO,AERO PREMIUM,TRADEABLE,PRODVINALCO S.A.,199222,CLUJ,RO,1101,MANUFACTURING,MANUFACTURE OF BEVERAGES
VIAG,ROVIAGACNOR4,VINALCOOL ARGES SA PITESTI,22215256,0.1,ATS,AERO,AERO STANDARD,TRADEABLE,VINALCOOL ARGES SA PITESTI,128620,ARGES,RO,1084,MANUFACTURING,MANUFACTURE OF OTHER FOOD PRODUCTS
VIRO,ROVIROACNOR2,VIROLA - INDEPENDENTA SA SIBIU,138592,2.5,ATS,AERO,AERO STANDARD,TRADEABLE,VIROLA - INDEPENDENTA SA SIBIU,23058320,SIBIU,RO,6820,REAL ESTATE ACTIVITIES,RENTING AND OPERATING OF OWN OR LEASED REAL ESTATE
VITK,ROVITKACNOR6,VITIMAS SA TECUCI,1416234,2.5,ATS,AERO,AERO STANDARD,TRADEABLE,VITIMAS SA TECUCI,1636171,GALATI,RO,2511,MANUFACTURING,MANUFACTURE OF STRUCTURAL METAL PRODUCTS
